step_id,sim_time_s,Vx_kmh,beta_deg,w_degps,delta1_deg,delta2_deg,delta3_deg,fb_deg,beta_int_deg,status
1,0.000000,0.100000,0.000000,0.000000,0.000000,0.000000,-0.000000,-0.000000,0.000000,OK
2,0.010000,39.999218,-0.000002,0.000128,0.000000,0.000000,0.000001,0.000001,-0.000000,OK
3,0.020000,39.997616,-0.000001,-0.000036,0.000000,0.000000,0.000000,0.000000,-0.000000,OK
4,0.030000,39.995573,0.000001,-0.000115,0.000000,-0.000000,-0.000000,-0.000000,-0.000000,OK
5,0.040000,39.993218,0.000001,-0.000112,0.000000,-0.000000,-0.000001,-0.000001,-0.000000,OK
6,0.050000,39.990713,0.000001,-0.000091,0.000000,-0.000000,-0.000001,-0.000001,0.000000,OK
7,0.060000,39.988137,0.000000,-0.000087,0.000000,-0.000000,-0.000000,-0.000000,0.000000,OK
8,0.070000,39.985498,-0.000000,-0.000093,0.000000,0.000000,0.000000,0.000000,0.000000,OK
9,0.080000,39.982762,-0.000000,-0.000102,0.000000,0.000000,0.000000,0.000000,0.000000,OK
10,0.090000,39.979875,-0.000000,-0.000112,0.000000,0.000000,0.000000,0.000000,0.000000,OK
11,0.100000,39.976774,0.000001,-0.000118,0.000000,-0.000000,-0.000000,-0.000000,0.000000,OK
12,0.110000,39.973398,0.000002,-0.000118,0.000000,-0.000000,-0.000001,-0.000001,0.000000,OK
13,0.120000,39.969698,0.000003,-0.000112,0.000000,-0.000000,-0.000002,-0.000002,0.000000,OK
14,0.130000,39.965636,0.000004,-0.000099,0.000000,-0.000000,-0.000002,-0.000002,0.000000,OK
15,0.140000,39.961187,0.000005,-0.000079,0.000000,-0.000000,-0.000003,-0.000003,0.000000,OK
16,0.150000,39.956335,0.000005,-0.000055,0.000000,-0.000000,-0.000003,-0.000003,0.000000,OK
17,0.160000,39.951079,0.000006,-0.000028,0.000000,-0.000000,-0.000003,-0.000003,0.000000,OK
18,0.170000,39.945426,0.000005,0.000001,0.000000,-0.000000,-0.000003,-0.000003,0.000000,OK
19,0.180000,39.939398,0.000004,0.000032,0.000000,-0.000000,-0.000003,-0.000003,0.000000,OK
20,0.190000,39.933025,0.000003,0.000063,0.000000,-0.000000,-0.000002,-0.000002,0.000000,OK
21,0.200000,39.926344,0.000000,0.000093,0.000000,-0.000000,-0.000000,-0.000000,0.000000,OK
22,0.210000,39.919392,-0.000002,0.000120,0.000000,0.000000,0.000001,0.000001,0.000000,OK
23,0.220000,39.912199,-0.000005,0.000145,0.000000,0.000000,0.000003,0.000003,0.000000,OK
24,0.230000,39.904781,-0.000008,0.000164,0.000000,0.000000,0.000005,0.000005,0.000000,OK
25,0.240000,39.897137,-0.000012,0.000178,0.000000,0.000000,0.000007,0.000007,0.000000,OK
26,0.250000,39.889249,-0.000015,0.000185,0.000000,0.000000,0.000009,0.000009,-0.000000,OK
27,0.260000,39.881088,-0.000018,0.000189,0.000000,0.000000,0.000011,0.000011,-0.000000,OK
28,0.270000,39.872618,-0.000021,0.000189,0.000000,0.000000,0.000013,0.000013,-0.000000,OK
29,0.280000,39.863807,-0.000023,0.000188,0.000000,0.000000,0.000014,0.000014,-0.000001,OK
30,0.290000,39.854633,-0.000025,0.000190,0.000000,0.000000,0.000016,0.000016,-0.000001,OK
31,0.300000,39.845091,-0.000027,0.000196,0.000000,0.000000,0.000017,0.000017,-0.000001,OK
32,0.310000,39.835198,-0.000028,0.000207,0.000000,0.000000,0.000018,0.000018,-0.000001,OK
33,0.320000,39.824987,-0.000029,0.000223,0.000000,0.000000,0.000018,0.000018,-0.000002,OK
34,0.330000,39.814504,-0.000030,0.000242,0.000000,0.000000,0.000019,0.000019,-0.000002,OK
35,0.340000,39.803801,-0.000030,0.000263,0.000000,0.000000,0.000019,0.000019,-0.000002,OK
36,0.350000,39.792920,-0.000031,0.000281,0.000000,0.000000,0.000020,0.000020,-0.000003,OK
37,0.360000,39.781897,-0.000031,0.000295,0.000000,0.000000,0.000020,0.000020,-0.000003,OK
38,0.370000,39.770749,-0.000031,0.000303,0.000000,0.000000,0.000020,0.000020,-0.000003,OK
39,0.380000,39.759480,-0.000031,0.000304,0.000000,0.000000,0.000020,0.000020,-0.000004,OK
40,0.390000,39.748082,-0.000031,0.000300,0.000000,0.000000,0.000021,0.000021,-0.000004,OK
41,0.400000,39.736542,-0.000032,0.000290,0.000000,0.000001,0.000021,0.000021,-0.000004,OK
42,0.410000,39.724846,-0.000032,0.000279,0.000000,0.000001,0.000022,0.000022,-0.000005,OK
43,0.420000,39.712983,-0.000033,0.000267,0.000000,0.000001,0.000022,0.000022,-0.000005,OK
44,0.430000,39.700951,-0.000033,0.000257,0.000000,0.000001,0.000023,0.000023,-0.000005,OK
45,0.440000,39.688755,-0.000034,0.000250,0.000000,0.000001,0.000023,0.000023,-0.000006,OK
46,0.450000,39.676403,-0.000034,0.000247,0.000000,0.000001,0.000023,0.000023,-0.000006,OK
47,0.460000,39.663910,-0.000034,0.000247,0.000000,0.000001,0.000023,0.000023,-0.000006,OK
48,0.470000,39.651294,-0.000033,0.000251,0.000000,0.000001,0.000023,0.000023,-0.000007,OK
49,0.480000,39.638574,-0.000032,0.000257,0.000000,0.000001,0.000023,0.000023,-0.000007,OK
50,0.490000,39.625768,-0.000031,0.000264,0.000000,0.000001,0.000022,0.000022,-0.000007,OK
51,0.500000,39.612899,-0.000029,0.000271,0.000000,0.000001,0.000021,0.000021,-0.000007,OK
52,0.510000,39.599984,-0.000028,0.000277,0.000000,0.000000,0.000020,0.000020,-0.000008,OK
53,0.520000,39.587042,-0.000026,0.000280,0.000000,0.000000,0.000020,0.000020,-0.000008,OK
54,0.530000,39.574086,-0.000025,0.000280,0.000000,0.000000,0.000019,0.000019,-0.000008,OK
55,0.540000,39.561126,-0.000024,0.000276,0.000000,0.000000,0.000019,0.000019,-0.000009,OK
56,0.550000,39.548165,-0.000024,0.000270,0.000000,0.000000,0.000019,0.000019,-0.000009,OK
57,0.560000,39.535200,-0.000023,0.000260,0.000000,0.000000,0.000018,0.000018,-0.000009,OK
58,0.570000,39.522222,-0.000023,0.000248,0.000000,0.000000,0.000019,0.000019,-0.000009,OK
59,0.580000,39.509222,-0.000023,0.000237,0.000000,0.000000,0.000019,0.000019,-0.000009,OK
60,0.590000,39.496191,-0.000023,0.000227,0.000000,0.000000,0.000019,0.000019,-0.000010,OK
61,0.600000,39.483123,-0.000024,0.000220,0.000000,0.000000,0.000019,0.000019,-0.000010,OK
62,0.610000,39.470022,-0.000023,0.000216,0.000000,0.000000,0.000019,0.000019,-0.000010,OK
63,0.620000,39.456899,-0.000023,0.000217,0.000000,0.000000,0.000019,0.000019,-0.000010,OK
64,0.630000,39.443772,-0.000023,0.000221,0.000000,0.000000,0.000019,0.000019,-0.000011,OK
65,0.640000,39.430664,-0.000022,0.000228,0.000000,0.000000,0.000018,0.000018,-0.000011,OK
66,0.650000,39.417599,-0.000021,0.000235,0.000000,0.000000,0.000018,0.000018,-0.000011,OK
67,0.660000,39.404594,-0.000020,0.000241,0.000000,0.000000,0.000017,0.000017,-0.000011,OK
68,0.670000,39.391664,-0.000019,0.000244,0.000000,0.000000,0.000017,0.000017,-0.000011,OK
69,0.680000,39.378810,-0.000018,0.000243,0.000000,0.000000,0.000016,0.000016,-0.000012,OK
70,0.690000,39.366031,-0.000017,0.000239,0.000000,0.000000,0.000016,0.000016,-0.000012,OK
71,0.700000,39.353317,-0.000016,0.000231,0.000000,0.000000,0.000016,0.000016,-0.000012,OK
72,0.710000,39.340658,-0.000016,0.000221,0.000000,0.000000,0.000016,0.000016,-0.000012,OK
73,0.720000,39.328043,-0.000016,0.000211,0.000000,0.000000,0.000016,0.000016,-0.000012,OK
74,0.730000,39.315469,-0.000016,0.000202,0.000000,0.000000,0.000016,0.000016,-0.000012,OK
75,0.740000,39.302935,-0.000016,0.000195,0.000000,0.000000,0.000016,0.000016,-0.000013,OK
76,0.750000,39.290449,-0.000017,0.000190,0.000000,0.000000,0.000016,0.000016,-0.000013,OK
77,0.760000,39.278021,-0.000017,0.000188,0.000000,0.000000,0.000017,0.000017,-0.000013,OK
78,0.770000,39.265664,-0.000017,0.000189,0.000000,0.000000,0.000017,0.000017,-0.000013,OK
79,0.780000,39.253388,-0.000017,0.000191,0.000000,0.000000,0.000017,0.000017,-0.000013,OK
80,0.790000,39.241203,-0.000016,0.000193,0.000000,0.000000,0.000016,0.000016,-0.000013,OK
81,0.800000,39.229116,-0.000016,0.000195,0.000000,0.000000,0.000016,0.000016,-0.000014,OK
82,0.810000,39.217130,-0.000015,0.000196,0.000000,0.000000,0.000016,0.000016,-0.000014,OK
83,0.820000,39.205244,-0.000014,0.000194,0.000000,0.000000,0.000015,0.000015,-0.000014,OK
84,0.830000,39.193459,-0.000013,0.000191,0.000000,0.000000,0.000015,0.000015,-0.000014,OK
85,0.840000,39.181773,-0.000012,0.000187,0.000000,0.000000,0.000014,0.000014,-0.000014,OK
86,0.850000,39.170185,-0.000012,0.000181,0.000000,0.000000,0.000014,0.000014,-0.000014,OK
87,0.860000,39.158694,-0.000011,0.000174,0.000000,0.000000,0.000014,0.000014,-0.000014,OK
88,0.870000,39.147301,-0.000011,0.000167,0.000000,0.000000,0.000014,0.000014,-0.000014,OK
89,0.880000,39.136007,-0.000011,0.000159,0.000000,0.000000,0.000014,0.000014,-0.000015,OK
90,0.890000,39.124811,-0.000011,0.000153,0.000000,0.000000,0.000014,0.000014,-0.000015,OK
91,0.900000,39.113714,-0.000011,0.000147,0.000000,0.000000,0.000014,0.000014,-0.000015,OK
92,0.910000,39.102717,-0.000011,0.000143,0.000000,0.000000,0.000014,0.000014,-0.000015,OK
93,0.920000,39.091823,-0.000011,0.000140,0.000000,0.000000,0.000014,0.000014,-0.000015,OK
94,0.930000,39.081033,-0.000011,0.000138,0.000000,0.000000,0.000014,0.000014,-0.000015,OK
95,0.940000,39.070353,-0.000010,0.000136,0.000000,0.000000,0.000014,0.000014,-0.000015,OK
96,0.950000,39.059787,-0.000010,0.000135,0.000000,0.000000,0.000013,0.000013,-0.000015,OK
97,0.960000,39.049341,-0.000009,0.000134,0.000000,0.000000,0.000013,0.000013,-0.000015,OK
98,0.970000,39.039018,-0.000008,0.000132,0.000000,0.000000,0.000013,0.000013,-0.000015,OK
99,0.980000,39.028820,-0.000007,0.000129,0.000000,0.000000,0.000012,0.000012,-0.000016,OK
100,0.990000,39.018749,-0.000007,0.000124,0.000000,0.000000,0.000012,0.000012,-0.000016,OK
101,1.000000,39.008802,-0.000006,0.000118,3.000000,0.070889,0.586091,0.000012,-0.000016,OK
102,1.010000,39.000891,0.013276,0.091182,3.000000,0.070699,0.577602,-0.008024,0.000117,OK
103,1.020000,38.990947,0.053125,0.379843,3.000000,0.070128,0.552856,-0.032199,0.000648,OK
104,1.030000,38.979849,0.112446,0.827185,3.000000,0.069273,0.516064,-0.068354,0.001773,OK
105,1.040000,38.968148,0.182750,1.383658,3.000000,0.068255,0.472295,-0.111450,0.003600,OK
106,1.050000,38.956208,0.255457,1.997861,3.000000,0.067194,0.426707,-0.156351,0.006155,OK
107,1.060000,38.944292,0.324342,2.632972,3.000000,0.066179,0.383069,-0.199304,0.009398,OK
108,1.070000,38.932590,0.385546,3.267484,3.000000,0.065266,0.343746,-0.237955,0.013254,OK
109,1.080000,38.921221,0.436964,3.891078,3.000000,0.064485,0.310055,-0.270990,0.017623,OK
110,1.090000,38.910246,0.477711,4.499659,3.000000,0.063851,0.282587,-0.297827,0.022400,OK
111,1.100000,38.899687,0.507652,5.091757,3.000000,0.063366,0.261475,-0.318330,0.027477,OK
112,1.110000,38.889510,0.527119,5.666587,3.000000,0.063028,0.246573,-0.332646,0.032748,OK
113,1.120000,38.879676,0.536703,6.222708,3.000000,0.062829,0.237572,-0.341079,0.038115,OK
114,1.130000,38.870143,0.537068,6.757388,3.000000,0.062760,0.234117,-0.343984,0.043486,OK
115,1.140000,38.860859,0.529198,7.269603,3.000000,0.062809,0.235658,-0.341907,0.048778,OK
116,1.150000,38.851771,0.514187,7.758625,3.000000,0.062961,0.241569,-0.335472,0.053920,OK
117,1.160000,38.842835,0.493168,8.223747,3.000000,0.063201,0.251198,-0.325326,0.058851,OK
118,1.170000,38.834021,0.467282,8.664252,3.000000,0.063513,0.263884,-0.312131,0.063524,OK
119,1.180000,38.825315,0.437658,9.079476,3.000000,0.063881,0.278967,-0.296545,0.067901,OK
120,1.190000,38.816715,0.405403,9.468833,3.000000,0.064291,0.295795,-0.279219,0.071955,OK
121,1.200000,38.808230,0.371568,9.831772,3.000000,0.064726,0.313748,-0.260776,0.075671,OK
122,1.210000,38.799872,0.337074,10.168279,3.000000,0.065176,0.332275,-0.241765,0.079041,OK
123,1.220000,38.791653,0.302845,10.478001,3.000000,0.065625,0.350822,-0.222742,0.082070,OK
124,1.230000,38.783576,0.269766,10.760908,3.000000,0.066062,0.368853,-0.204243,0.084767,OK
125,1.240000,38.775638,0.238627,11.016980,3.000000,0.066476,0.385884,-0.186753,0.087154,OK
126,1.250000,38.767832,0.210103,11.246222,3.000000,0.066855,0.401495,-0.170689,0.089255,OK
127,1.260000,38.760144,0.184739,11.448800,3.000000,0.067193,0.415344,-0.156395,0.091102,OK
128,1.270000,38.752561,0.162792,11.625824,3.000000,0.067485,0.427259,-0.144040,0.092730,OK
129,1.280000,38.745071,0.144269,11.778673,3.000000,0.067730,0.437217,-0.133648,0.094173,OK
130,1.290000,38.737667,0.129116,11.908017,3.000000,0.067930,0.445233,-0.125202,0.095464,OK
131,1.300000,38.730346,0.117160,12.014937,3.000000,0.068086,0.451396,-0.118614,0.096635,OK
132,1.310000,38.723113,0.108111,12.100788,3.000000,0.068201,0.455865,-0.113725,0.097717,OK
133,1.320000,38.715989,0.101607,12.167242,3.000000,0.068281,0.458845,-0.110331,0.098733,OK
134,1.330000,38.708980,0.097261,12.216748,3.000000,0.068332,0.460559,-0.108209,0.099705,OK
135,1.340000,38.702095,0.094652,12.252242,3.000000,0.068357,0.461252,-0.107117,0.100652,OK
136,1.350000,38.695324,0.093471,12.275927,3.000000,0.068363,0.461099,-0.106876,0.101586,OK
137,1.360000,38.688664,0.093443,12.290530,3.000000,0.068352,0.460262,-0.107326,0.102521,OK
138,1.370000,38.682111,0.094348,12.298240,3.000000,0.068328,0.458866,-0.108341,0.103464,OK
139,1.380000,38.675662,0.096052,12.300800,3.000000,0.068293,0.456988,-0.109844,0.104425,OK
140,1.390000,38.669314,0.098433,12.299640,3.000000,0.068248,0.454698,-0.111765,0.105409,OK
141,1.400000,38.663065,0.101370,12.295865,3.000000,0.068194,0.452065,-0.114034,0.106423,OK
142,1.410000,38.656916,0.104728,12.290293,3.000000,0.068134,0.449169,-0.116572,0.107470,OK
143,1.420000,38.650867,0.108359,12.283524,3.000000,0.068070,0.446096,-0.119292,0.108554,OK
144,1.430000,38.644920,0.112108,12.275994,3.000000,0.068003,0.442940,-0.122102,0.109675,OK
145,1.440000,38.639079,0.115825,12.268034,3.000000,0.067937,0.439790,-0.124911,0.110833,OK
146,1.450000,38.633343,0.119375,12.259912,3.000000,0.067872,0.436729,-0.127638,0.112027,OK
147,1.460000,38.627713,0.122648,12.251852,3.000000,0.067812,0.433823,-0.130216,0.113253,OK
148,1.470000,38.622189,0.125565,12.244038,3.000000,0.067755,0.431123,-0.132594,0.114509,OK
149,1.480000,38.616768,0.128074,12.236605,3.000000,0.067705,0.428662,-0.134739,0.115790,OK
150,1.490000,38.611449,0.130150,12.229635,3.000000,0.067660,0.426455,-0.136636,0.117091,OK
151,1.500000,38.606229,0.131792,12.223167,3.000000,0.067621,0.424506,-0.138280,0.118409,OK
152,1.510000,38.601107,0.133015,12.217199,3.000000,0.067588,0.422809,-0.139678,0.119739,OK
153,1.520000,38.596081,0.133852,12.211724,3.000000,0.067560,0.421343,-0.140850,0.121078,OK
154,1.530000,38.591151,0.134353,12.206745,3.000000,0.067537,0.420084,-0.141822,0.122421,OK
155,1.540000,38.586313,0.134576,12.202298,3.000000,0.067518,0.418994,-0.142629,0.123767,OK
156,1.550000,38.581566,0.134593,12.198456,3.000000,0.067502,0.418034,-0.143313,0.125113,OK
157,1.560000,38.576905,0.134477,12.195314,3.000000,0.067488,0.417159,-0.143915,0.126458,OK
158,1.570000,38.572327,0.134294,12.192967,3.000000,0.067475,0.416329,-0.144477,0.127801,OK
159,1.580000,38.567824,0.134100,12.191474,3.000000,0.067461,0.415512,-0.145031,0.129142,OK
160,1.590000,38.563393,0.133929,12.190832,3.000000,0.067448,0.414686,-0.145598,0.130481,OK
161,1.600000,38.559026,0.133788,12.190957,3.000000,0.067434,0.413846,-0.146182,0.131819,OK
162,1.610000,38.554720,0.133664,12.191686,3.000000,0.067420,0.413001,-0.146776,0.133156,OK
163,1.620000,38.550469,0.133521,12.192803,3.000000,0.067406,0.412170,-0.147358,0.134491,OK
164,1.630000,38.546270,0.133320,12.194066,3.000000,0.067394,0.411379,-0.147904,0.135824,OK
165,1.640000,38.542120,0.133022,12.195259,3.000000,0.067382,0.410649,-0.148390,0.137154,OK
166,1.650000,38.538014,0.132605,12.196227,3.000000,0.067372,0.409996,-0.148803,0.138480,OK
167,1.660000,38.533948,0.132067,12.196896,3.000000,0.067364,0.409421,-0.149141,0.139801,OK
168,1.670000,38.529918,0.131428,12.197284,3.000000,0.067358,0.408912,-0.149414,0.141115,OK
169,1.680000,38.525917,0.130726,12.197483,3.000000,0.067352,0.408445,-0.149647,0.142422,OK
170,1.690000,38.521936,0.130012,12.197631,3.000000,0.067347,0.407990,-0.149868,0.143723,OK
171,1.700000,38.517969,0.129334,12.197888,3.000000,0.067341,0.407518,-0.150108,0.145016,OK
172,1.710000,38.514012,0.128731,12.198397,3.000000,0.067335,0.407004,-0.150390,0.146303,OK
173,1.720000,38.510064,0.128227,12.199257,3.000000,0.067327,0.406434,-0.150729,0.147586,OK
174,1.730000,38.506128,0.127824,12.200506,3.000000,0.067317,0.405806,-0.151127,0.148864,OK
175,1.740000,38.502207,0.127509,12.202125,3.000000,0.067307,0.405128,-0.151575,0.150139,OK
176,1.750000,38.498308,0.127256,12.204046,3.000000,0.067295,0.404415,-0.152059,0.151411,OK
177,1.760000,38.494437,0.127033,12.206171,3.000000,0.067284,0.403686,-0.152561,0.152682,OK
178,1.770000,38.490603,0.126814,12.208385,3.000000,0.067272,0.402959,-0.153064,0.153950,OK
179,1.780000,38.486814,0.126578,12.210570,3.000000,0.067260,0.402245,-0.153555,0.155216,OK
180,1.790000,38.483077,0.126313,12.212618,3.000000,0.067249,0.401554,-0.154027,0.156479,OK
181,1.800000,38.479402,0.126013,12.214432,3.000000,0.067238,0.400888,-0.154477,0.157739,OK
182,1.810000,38.475798,0.125681,12.215940,3.000000,0.067228,0.400247,-0.154907,0.158996,OK
183,1.820000,38.472272,0.125322,12.217081,3.000000,0.067218,0.399629,-0.155318,0.160249,OK
184,1.830000,38.468835,0.124940,12.217827,3.000000,0.067209,0.399032,-0.155713,0.161498,OK
185,1.840000,38.465494,0.124543,12.218184,3.000000,0.067200,0.398452,-0.156098,0.162744,OK
186,1.850000,38.462257,0.124135,12.218193,3.000000,0.067191,0.397886,-0.156474,0.163985,OK
187,1.860000,38.459133,0.123724,12.217930,3.000000,0.067182,0.397330,-0.156846,0.165222,OK
188,1.870000,38.456126,0.123320,12.217496,3.000000,0.067173,0.396779,-0.157220,0.166456,OK
189,1.880000,38.453245,0.122933,12.217001,3.000000,0.067164,0.396228,-0.157602,0.167685,OK
190,1.890000,38.450492,0.122574,12.216540,3.000000,0.067155,0.395669,-0.158000,0.168911,OK
191,1.900000,38.447872,0.122253,12.216178,3.000000,0.067145,0.395096,-0.158418,0.170133,OK
192,1.910000,38.445391,0.121973,12.215932,3.000000,0.067135,0.394508,-0.158860,0.171353,OK
193,1.920000,38.443051,0.121732,12.215759,3.000000,0.067124,0.393907,-0.159324,0.172570,OK
194,1.930000,38.440858,0.121518,12.215571,3.000000,0.067112,0.393298,-0.159804,0.173785,OK
195,1.940000,38.438815,0.121317,12.215245,3.000000,0.067101,0.392692,-0.160290,0.174999,OK
196,1.950000,38.436928,0.121110,12.214651,3.000000,0.067090,0.392100,-0.160771,0.176210,OK
197,1.960000,38.435201,0.120881,12.213679,3.000000,0.067079,0.391532,-0.161238,0.177419,OK
198,1.970000,38.433638,0.120618,12.212262,3.000000,0.067068,0.390995,-0.161683,0.178625,OK
199,1.980000,38.432244,0.120321,12.210389,3.000000,0.067058,0.390489,-0.162107,0.179828,OK
200,1.990000,38.431022,0.119996,12.208104,3.000000,0.067048,0.390013,-0.162511,0.181028,OK
201,2.000000,38.429973,0.119656,12.205499,3.000000,0.067039,0.389557,-0.162906,0.182224,OK
202,2.010000,38.429099,0.119321,12.202689,3.000000,0.067030,0.389110,-0.163301,0.183418,OK
203,2.020000,38.428401,0.119008,12.199792,3.000000,0.067020,0.388662,-0.163708,0.184608,OK
204,2.030000,38.427879,0.118730,12.196905,3.000000,0.067010,0.388204,-0.164135,0.185795,OK
205,2.040000,38.427535,0.118494,12.194089,3.000000,0.066999,0.387733,-0.164586,0.186980,OK
206,2.050000,38.427369,0.118298,12.191364,3.000000,0.066988,0.387249,-0.165060,0.188163,OK
207,2.060000,38.427380,0.118132,12.188714,3.000000,0.066977,0.386759,-0.165551,0.189344,OK
208,2.070000,38.427570,0.117985,12.186092,3.000000,0.066965,0.386268,-0.166053,0.190524,OK
209,2.080000,38.427939,0.117845,12.183440,3.000000,0.066953,0.385785,-0.166558,0.191703,OK
210,2.090000,38.428487,0.117700,12.180700,3.000000,0.066941,0.385316,-0.167060,0.192880,OK
211,2.100000,38.429215,0.117544,12.177824,3.000000,0.066929,0.384864,-0.167554,0.194055,OK
212,2.110000,38.430121,0.117377,12.174782,3.000000,0.066918,0.384431,-0.168040,0.195229,OK
213,2.120000,38.431206,0.117200,12.171562,3.000000,0.066906,0.384015,-0.168520,0.196401,OK
214,2.130000,38.432470,0.117017,12.168169,3.000000,0.066895,0.383613,-0.168996,0.197571,OK
215,2.140000,38.433910,0.116834,12.164623,3.000000,0.066884,0.383224,-0.169470,0.198739,OK
216,2.150000,38.435526,0.116654,12.160952,3.000000,0.066873,0.382843,-0.169946,0.199906,OK
217,2.160000,38.437318,0.116478,12.157194,3.000000,0.066861,0.382472,-0.170422,0.201071,OK
218,2.170000,38.439283,0.116306,12.153392,3.000000,0.066850,0.382109,-0.170901,0.202234,OK
219,2.180000,38.441419,0.116138,12.149592,3.000000,0.066839,0.381755,-0.171380,0.203395,OK
220,2.190000,38.443726,0.115974,12.145839,3.000000,0.066827,0.381409,-0.171862,0.204555,OK
221,2.200000,38.446201,0.115815,12.142173,3.000000,0.066816,0.381071,-0.172345,0.205713,OK
222,2.210000,38.448843,0.115664,12.138622,3.000000,0.066805,0.380739,-0.172833,0.206870,OK
223,2.220000,38.451649,0.115522,12.135198,3.000000,0.066793,0.380411,-0.173326,0.208025,OK
224,2.230000,38.454617,0.115392,12.131896,3.000000,0.066781,0.380086,-0.173824,0.209179,OK
225,2.240000,38.457745,0.115272,12.128686,3.000000,0.066769,0.379766,-0.174329,0.210331,OK
226,2.250000,38.461032,0.115160,12.125526,3.000000,0.066757,0.379450,-0.174837,0.211483,OK
227,2.260000,38.464476,0.115050,12.122366,3.000000,0.066745,0.379143,-0.175347,0.212634,OK
228,2.270000,38.468074,0.114937,12.119160,3.000000,0.066733,0.378847,-0.175853,0.213783,OK
229,2.280000,38.471826,0.114812,12.115876,3.000000,0.066721,0.378568,-0.176353,0.214931,OK
230,2.290000,38.475729,0.114674,12.112504,3.000000,0.066710,0.378307,-0.176843,0.216078,OK
231,2.300000,38.479781,0.114519,12.109057,3.000000,0.066698,0.378065,-0.177323,0.217223,OK
232,2.310000,38.483980,0.114352,12.105574,3.000000,0.066687,0.377840,-0.177794,0.218366,OK
233,2.320000,38.488324,0.114177,12.102106,3.000000,0.066676,0.377629,-0.178260,0.219508,OK
234,2.330000,38.492810,0.114000,12.098710,3.000000,0.066665,0.377427,-0.178724,0.220648,OK
235,2.340000,38.497435,0.113830,12.095433,3.000000,0.066654,0.377231,-0.179191,0.221787,OK
236,2.350000,38.502197,0.113671,12.092309,3.000000,0.066643,0.377038,-0.179664,0.222923,OK
237,2.360000,38.507093,0.113524,12.089348,3.000000,0.066632,0.376845,-0.180144,0.224058,OK
238,2.370000,38.512121,0.113388,12.086537,3.000000,0.066620,0.376655,-0.180629,0.225192,OK
239,2.380000,38.517280,0.113259,12.083847,3.000000,0.066609,0.376468,-0.181118,0.226325,OK
240,2.390000,38.522567,0.113130,12.081243,3.000000,0.066597,0.376289,-0.181606,0.227456,OK
241,2.400000,38.527980,0.112996,12.078684,3.000000,0.066586,0.376121,-0.182091,0.228586,OK
242,2.410000,38.533516,0.112854,12.076141,3.000000,0.066574,0.375967,-0.182570,0.229715,OK
243,2.420000,38.539176,0.112702,12.073596,3.000000,0.066563,0.375826,-0.183042,0.230842,OK
244,2.430000,38.544955,0.112540,12.071045,3.000000,0.066552,0.375698,-0.183507,0.231967,OK
245,2.440000,38.550852,0.112371,12.068495,3.000000,0.066541,0.375583,-0.183968,0.233091,OK
246,2.450000,38.556864,0.112197,12.065964,3.000000,0.066531,0.375478,-0.184425,0.234213,OK
247,2.460000,38.562990,0.112023,12.063471,3.000000,0.066520,0.375380,-0.184880,0.235333,OK
248,2.470000,38.569227,0.111849,12.061036,3.000000,0.066509,0.375290,-0.185335,0.236452,OK
249,2.480000,38.575573,0.111676,12.058674,3.000000,0.066498,0.375206,-0.185789,0.237568,OK
250,2.490000,38.582026,0.111503,12.056399,3.000000,0.066488,0.375129,-0.186244,0.238683,OK
251,2.500000,38.588583,0.111330,12.054217,3.000000,0.066477,0.375059,-0.186696,0.239797,OK
252,2.510000,38.595242,0.111155,12.052134,3.000000,0.066466,0.374998,-0.187147,0.240908,OK
253,2.520000,38.602002,0.110978,12.050150,3.000000,0.066456,0.374944,-0.187596,0.242018,OK
254,2.530000,38.608861,0.110800,12.048256,3.000000,0.066445,0.374897,-0.188043,0.243126,OK
255,2.540000,38.615817,0.110622,12.046457,3.000000,0.066435,0.374856,-0.188489,0.244232,OK
256,2.550000,38.622867,0.110444,12.044730,3.000000,0.066424,0.374822,-0.188935,0.245337,OK
257,2.560000,38.630010,0.110269,12.043072,3.000000,0.066413,0.374792,-0.189381,0.246439,OK
258,2.570000,38.637245,0.110093,12.041460,3.000000,0.066403,0.374769,-0.189826,0.247540,OK
259,2.580000,38.644569,0.109918,12.039879,3.000000,0.066392,0.374751,-0.190271,0.248639,OK
260,2.590000,38.651981,0.109740,12.038320,3.000000,0.066382,0.374741,-0.190713,0.249737,OK
261,2.600000,38.659479,0.109558,12.036772,3.000000,0.066372,0.374739,-0.191151,0.250832,OK
262,2.610000,38.667061,0.109369,12.035242,3.000000,0.066361,0.374747,-0.191585,0.251926,OK
263,2.620000,38.674725,0.109173,12.033733,3.000000,0.066351,0.374765,-0.192013,0.253018,OK
264,2.630000,38.682470,0.108969,12.032259,3.000000,0.066341,0.374793,-0.192435,0.254108,OK
265,2.640000,38.690293,0.108759,12.030839,3.000000,0.066331,0.374830,-0.192853,0.255195,OK
266,2.650000,38.698193,0.108547,12.029487,3.000000,0.066322,0.374873,-0.193269,0.256281,OK
267,2.660000,38.706168,0.108336,12.028226,3.000000,0.066312,0.374922,-0.193684,0.257364,OK
268,2.670000,38.714217,0.108128,12.027050,3.000000,0.066302,0.374974,-0.194099,0.258445,OK
269,2.680000,38.722338,0.107923,12.025965,3.000000,0.066292,0.375029,-0.194516,0.259524,OK
270,2.690000,38.730528,0.107721,12.024947,3.000000,0.066282,0.375087,-0.194934,0.260602,OK
271,2.700000,38.738788,0.107521,12.023984,3.000000,0.066272,0.375149,-0.195351,0.261677,OK
272,2.710000,38.747115,0.107320,12.023053,3.000000,0.066263,0.375216,-0.195767,0.262750,OK
273,2.720000,38.755508,0.107117,12.022140,3.000000,0.066253,0.375289,-0.196181,0.263821,OK
274,2.730000,38.763965,0.106909,12.021234,3.000000,0.066243,0.375369,-0.196591,0.264890,OK
275,2.740000,38.772486,0.106697,12.020334,3.000000,0.066234,0.375457,-0.196997,0.265957,OK
276,2.750000,38.781068,0.106481,12.019446,3.000000,0.066224,0.375552,-0.197399,0.267022,OK
277,2.760000,38.789710,0.106262,12.018580,3.000000,0.066215,0.375652,-0.197799,0.268085,OK
278,2.770000,38.798410,0.106042,12.017747,3.000000,0.066205,0.375757,-0.198198,0.269145,OK
279,2.780000,38.807168,0.105824,12.016961,3.000000,0.066196,0.375866,-0.198596,0.270203,OK
280,2.790000,38.815981,0.105607,12.016229,3.000000,0.066186,0.375978,-0.198994,0.271259,OK
281,2.800000,38.824848,0.105392,12.015556,3.000000,0.066177,0.376093,-0.199392,0.272313,OK
282,2.810000,38.833768,0.105178,12.014940,3.000000,0.066168,0.376211,-0.199789,0.273365,OK
283,2.820000,38.842739,0.104963,12.014380,3.000000,0.066158,0.376333,-0.200185,0.274415,OK
284,2.830000,38.851761,0.104748,12.013870,3.000000,0.066149,0.376460,-0.200580,0.275462,OK
285,2.840000,38.860831,0.104531,12.013406,3.000000,0.066140,0.376591,-0.200972,0.276508,OK
286,2.850000,38.869949,0.104313,12.012982,3.000000,0.066130,0.376727,-0.201363,0.277551,OK
287,2.860000,38.879114,0.104094,12.012595,3.000000,0.066121,0.376867,-0.201752,0.278592,OK
288,2.870000,38.888323,0.103875,12.012244,3.000000,0.066112,0.377010,-0.202140,0.279630,OK
289,2.880000,38.897577,0.103656,12.011923,3.000000,0.066103,0.377156,-0.202527,0.280667,OK
290,2.890000,38.906874,0.103438,12.011634,3.000000,0.066094,0.377306,-0.202913,0.281701,OK
291,2.900000,38.916212,0.103220,12.011371,3.000000,0.066085,0.377459,-0.203299,0.282734,OK
292,2.910000,38.925590,0.103001,12.011133,3.000000,0.066076,0.377615,-0.203682,0.283764,OK
293,2.920000,38.935008,0.102780,12.010922,3.000000,0.066067,0.377775,-0.204064,0.284791,OK
294,2.930000,38.944463,0.102558,12.010738,3.000000,0.066058,0.377940,-0.204443,0.285817,OK
295,2.940000,38.953955,0.102333,12.010586,3.000000,0.066049,0.378109,-0.204820,0.286840,OK
296,2.950000,38.963483,0.102106,12.010470,3.000000,0.066040,0.378283,-0.205194,0.287861,OK
297,2.960000,38.973045,0.101876,12.010397,3.000000,0.066031,0.378461,-0.205566,0.288880,OK
298,2.970000,38.982640,0.101646,12.010372,3.000000,0.066022,0.378642,-0.205936,0.289897,OK
299,2.980000,38.992267,0.101417,12.010397,3.000000,0.066014,0.378825,-0.206305,0.290911,OK
300,2.990000,39.001925,0.101188,12.010471,3.000000,0.066005,0.379011,-0.206674,0.291923,OK
301,3.000000,39.011614,0.100962,12.010591,3.000000,0.065996,0.379198,-0.207043,0.292932,OK
302,3.010000,39.021331,0.100736,12.010751,3.000000,0.065987,0.379387,-0.207412,0.293940,OK
303,3.020000,39.031076,0.100512,12.010940,3.000000,0.065979,0.379578,-0.207779,0.294945,OK
304,3.030000,39.040849,0.100286,12.011154,3.000000,0.065970,0.379772,-0.208145,0.295948,OK
305,3.040000,39.050647,0.100058,12.011386,3.000000,0.065962,0.379969,-0.208509,0.296948,OK
306,3.050000,39.060470,0.099828,12.011634,3.000000,0.065953,0.380171,-0.208870,0.297946,OK
307,3.060000,39.070317,0.099596,12.011901,3.000000,0.065944,0.380375,-0.209229,0.298942,OK
308,3.070000,39.080186,0.099362,12.012190,3.000000,0.065936,0.380584,-0.209585,0.299936,OK
309,3.080000,39.090078,0.099127,12.012508,3.000000,0.065928,0.380795,-0.209940,0.300927,OK
310,3.090000,39.099990,0.098891,12.012859,3.000000,0.065919,0.381008,-0.210293,0.301916,OK
311,3.100000,39.109922,0.098656,12.013250,3.000000,0.065911,0.381224,-0.210645,0.302903,OK
312,3.110000,39.119872,0.098421,12.013681,3.000000,0.065903,0.381441,-0.210996,0.303887,OK
313,3.120000,39.129841,0.098187,12.014152,3.000000,0.065894,0.381660,-0.211347,0.304869,OK
314,3.130000,39.139826,0.097953,12.014660,3.000000,0.065886,0.381880,-0.211696,0.305848,OK
315,3.140000,39.149827,0.097719,12.015201,3.000000,0.065878,0.382102,-0.212044,0.306826,OK
316,3.150000,39.159843,0.097485,12.015771,3.000000,0.065870,0.382327,-0.212391,0.307800,OK
317,3.160000,39.169873,0.097249,12.016366,3.000000,0.065862,0.382554,-0.212736,0.308773,OK
318,3.170000,39.179916,0.097012,12.016986,3.000000,0.065854,0.382783,-0.213079,0.309743,OK
319,3.180000,39.189972,0.096774,12.017628,3.000000,0.065845,0.383014,-0.213420,0.310711,OK
320,3.190000,39.200039,0.096535,12.018287,3.000000,0.065837,0.383248,-0.213759,0.311676,OK
321,3.200000,39.210117,0.096295,12.018962,3.000000,0.065829,0.383484,-0.214097,0.312639,OK
322,3.210000,39.220204,0.096055,12.019656,3.000000,0.065822,0.383722,-0.214433,0.313600,OK
323,3.220000,39.230300,0.095815,12.020368,3.000000,0.065814,0.383961,-0.214768,0.314558,OK
324,3.230000,39.240404,0.095574,12.021098,3.000000,0.065806,0.384201,-0.215101,0.315513,OK
325,3.240000,39.250515,0.095333,12.021848,3.000000,0.065798,0.384443,-0.215433,0.316467,OK
326,3.250000,39.260632,0.095091,12.022617,3.000000,0.065790,0.384688,-0.215763,0.317418,OK
327,3.260000,39.270754,0.094847,12.023407,3.000000,0.065782,0.384934,-0.216092,0.318366,OK
328,3.270000,39.280880,0.094603,12.024217,3.000000,0.065775,0.385183,-0.216418,0.319312,OK
329,3.280000,39.291010,0.094357,12.025049,3.000000,0.065767,0.385432,-0.216742,0.320256,OK
330,3.290000,39.301143,0.094112,12.025906,3.000000,0.065759,0.385683,-0.217066,0.321197,OK
331,3.300000,39.311278,0.093867,12.026787,3.000000,0.065752,0.385935,-0.217388,0.322136,OK
332,3.310000,39.321414,0.093623,12.027692,3.000000,0.065744,0.386188,-0.217710,0.323072,OK
333,3.320000,39.331550,0.093380,12.028619,3.000000,0.065737,0.386440,-0.218031,0.324006,OK
334,3.330000,39.341686,0.093137,12.029568,3.000000,0.065729,0.386694,-0.218351,0.324937,OK
335,3.340000,39.351820,0.092895,12.030535,3.000000,0.065721,0.386948,-0.218670,0.325866,OK
336,3.350000,39.361953,0.092653,12.031519,3.000000,0.065714,0.387203,-0.218988,0.326792,OK
337,3.360000,39.372083,0.092410,12.032518,3.000000,0.065706,0.387459,-0.219304,0.327717,OK
338,3.370000,39.382209,0.092167,12.033533,3.000000,0.065699,0.387716,-0.219619,0.328638,OK
339,3.380000,39.392331,0.091923,12.034565,3.000000,0.065692,0.387974,-0.219933,0.329557,OK
340,3.390000,39.402447,0.091679,12.035617,3.000000,0.065684,0.388233,-0.220244,0.330474,OK
341,3.400000,39.412558,0.091434,12.036690,3.000000,0.065677,0.388493,-0.220555,0.331389,OK
342,3.410000,39.422662,0.091189,12.037789,3.000000,0.065670,0.388754,-0.220864,0.332300,OK
343,3.420000,39.432759,0.090945,12.038914,3.000000,0.065662,0.389015,-0.221172,0.333210,OK
344,3.430000,39.442847,0.090701,12.040065,3.000000,0.065655,0.389276,-0.221479,0.334117,OK
345,3.440000,39.452927,0.090457,12.041242,3.000000,0.065648,0.389538,-0.221785,0.335021,OK
346,3.450000,39.462997,0.090214,12.042442,3.000000,0.065641,0.389800,-0.222090,0.335924,OK
347,3.460000,39.473057,0.089971,12.043665,3.000000,0.065633,0.390062,-0.222394,0.336823,OK
348,3.470000,39.483106,0.089728,12.044907,3.000000,0.065626,0.390324,-0.222697,0.337721,OK
349,3.480000,39.493143,0.089484,12.046167,3.000000,0.065619,0.390587,-0.222998,0.338615,OK
350,3.490000,39.503168,0.089239,12.047446,3.000000,0.065612,0.390851,-0.223298,0.339508,OK
351,3.500000,39.513180,0.088994,12.048743,3.000000,0.065605,0.391116,-0.223595,0.340398,OK
352,3.510000,39.523178,0.088748,12.050061,3.000000,0.065598,0.391381,-0.223891,0.341285,OK
353,3.520000,39.533161,0.088502,12.051399,3.000000,0.065591,0.391647,-0.224187,0.342170,OK
354,3.530000,39.543130,0.088257,12.052760,3.000000,0.065584,0.391912,-0.224480,0.343053,OK
355,3.540000,39.553083,0.088011,12.054143,3.000000,0.065577,0.392177,-0.224773,0.343933,OK
356,3.550000,39.563019,0.087766,12.055549,3.000000,0.065570,0.392443,-0.225065,0.344811,OK
357,3.560000,39.572938,0.087521,12.056977,3.000000,0.065563,0.392708,-0.225355,0.345686,OK
358,3.570000,39.582839,0.087275,12.058426,3.000000,0.065557,0.392974,-0.225644,0.346559,OK
359,3.580000,39.592722,0.087029,12.059896,3.000000,0.065550,0.393240,-0.225932,0.347429,OK
360,3.590000,39.602585,0.086781,12.061387,3.000000,0.065543,0.393506,-0.226217,0.348297,OK
361,3.600000,39.612429,0.086534,12.062898,3.000000,0.065536,0.393773,-0.226501,0.349162,OK
362,3.610000,39.622253,0.086285,12.064430,3.000000,0.065530,0.394040,-0.226784,0.350025,OK
363,3.620000,39.632056,0.086037,12.065983,3.000000,0.065523,0.394306,-0.227065,0.350885,OK
364,3.630000,39.641837,0.085789,12.067557,3.000000,0.065516,0.394573,-0.227345,0.351743,OK
365,3.640000,39.651596,0.085541,12.069152,3.000000,0.065510,0.394839,-0.227624,0.352599,OK
366,3.650000,39.661332,0.085294,12.070767,3.000000,0.065503,0.395104,-0.227902,0.353452,OK
367,3.660000,39.671044,0.085046,12.072401,3.000000,0.065497,0.395370,-0.228179,0.354302,OK
368,3.670000,39.680733,0.084798,12.074053,3.000000,0.065490,0.395635,-0.228454,0.355150,OK
369,3.680000,39.690397,0.084549,12.075723,3.000000,0.065484,0.395900,-0.228727,0.355995,OK
370,3.690000,39.700036,0.084300,12.077411,3.000000,0.065477,0.396166,-0.228999,0.356838,OK
371,3.700000,39.709649,0.084050,12.079117,3.000000,0.065471,0.396431,-0.229269,0.357679,OK
372,3.710000,39.719236,0.083800,12.080842,3.000000,0.065465,0.396696,-0.229538,0.358517,OK
373,3.720000,39.728796,0.083549,12.082587,3.000000,0.065458,0.396961,-0.229806,0.359352,OK
374,3.730000,39.738328,0.083299,12.084352,3.000000,0.065452,0.397225,-0.230072,0.360185,OK
375,3.740000,39.747833,0.083049,12.086138,3.000000,0.065446,0.397488,-0.230337,0.361016,OK
376,3.750000,39.757308,0.082798,12.087944,3.000000,0.065439,0.397751,-0.230601,0.361844,OK
377,3.760000,39.766755,0.082548,12.089770,3.000000,0.065433,0.398014,-0.230863,0.362669,OK
378,3.770000,39.776172,0.082297,12.091614,3.000000,0.065427,0.398276,-0.231125,0.363492,OK
379,3.780000,39.785559,0.082047,12.093475,3.000000,0.065421,0.398537,-0.231384,0.364313,OK
380,3.790000,39.794915,0.081796,12.095353,3.000000,0.065415,0.398798,-0.231643,0.365131,OK
381,3.800000,39.804239,0.081545,12.097247,3.000000,0.065409,0.399059,-0.231900,0.365946,OK
382,3.810000,39.813532,0.081293,12.099158,3.000000,0.065403,0.399319,-0.232155,0.366759,OK
383,3.820000,39.822793,0.081041,12.101085,3.000000,0.065397,0.399578,-0.232410,0.367570,OK
384,3.830000,39.832021,0.080789,12.103029,3.000000,0.065391,0.399837,-0.232662,0.368377,OK
385,3.840000,39.841215,0.080538,12.104992,3.000000,0.065385,0.400094,-0.232914,0.369183,OK
386,3.850000,39.850376,0.080286,12.106971,3.000000,0.065379,0.400351,-0.233164,0.369986,OK
387,3.860000,39.859503,0.080034,12.108970,3.000000,0.065373,0.400608,-0.233413,0.370786,OK
388,3.870000,39.868594,0.079782,12.110985,3.000000,0.065367,0.400863,-0.233661,0.371584,OK
389,3.880000,39.877650,0.079529,12.113018,3.000000,0.065361,0.401118,-0.233907,0.372379,OK
390,3.890000,39.886671,0.079277,12.115068,3.000000,0.065356,0.401372,-0.234152,0.373172,OK
391,3.900000,39.895655,0.079024,12.117133,3.000000,0.065350,0.401625,-0.234395,0.373962,OK
392,3.910000,39.904603,0.078771,12.119215,3.000000,0.065344,0.401878,-0.234637,0.374750,OK
393,3.920000,39.913513,0.078518,12.121312,3.000000,0.065338,0.402129,-0.234878,0.375535,OK
394,3.930000,39.922386,0.078264,12.123425,3.000000,0.065333,0.402379,-0.235117,0.376318,OK
395,3.940000,39.931221,0.078011,12.125553,3.000000,0.065327,0.402629,-0.235356,0.377098,OK
396,3.950000,39.940017,0.077758,12.127697,3.000000,0.065322,0.402877,-0.235593,0.377875,OK
397,3.960000,39.948775,0.077505,12.129858,3.000000,0.065316,0.403125,-0.235828,0.378650,OK
398,3.970000,39.957493,0.077251,12.132034,3.000000,0.065310,0.403371,-0.236062,0.379423,OK
399,3.980000,39.966171,0.076997,12.134224,3.000000,0.065305,0.403617,-0.236295,0.380193,OK
400,3.990000,39.974809,0.076744,12.136430,3.000000,0.065299,0.403861,-0.236526,0.380960,OK
401,4.000000,39.983406,0.076490,12.138651,3.000000,0.065294,0.404105,-0.236756,0.381725,OK
402,4.010000,39.991962,0.076236,12.140885,3.000000,0.065289,0.404347,-0.236985,0.382488,OK
403,4.020000,40.000477,0.075982,12.143134,3.000000,0.065283,0.404588,-0.237213,0.383247,OK
404,4.030000,40.008938,0.075728,12.145255,3.000000,0.065278,0.404827,-0.237439,0.384005,OK
405,4.040000,40.017200,0.075482,12.147094,3.000000,0.065272,0.405052,-0.237669,0.384759,OK
406,4.050000,40.025020,0.075260,12.148875,3.000000,0.065267,0.405239,-0.237912,0.385512,OK
407,4.060000,40.032204,0.075083,12.151031,3.000000,0.065260,0.405364,-0.238181,0.386263,OK
408,4.070000,40.038624,0.074970,12.154315,3.000000,0.065253,0.405410,-0.238488,0.387013,OK
409,4.080000,40.044211,0.074926,12.159583,3.000000,0.065245,0.405368,-0.238836,0.387762,OK
410,4.090000,40.048941,0.074941,12.167563,3.000000,0.065236,0.405244,-0.239220,0.388511,OK
411,4.100000,40.052816,0.074990,12.178727,3.000000,0.065226,0.405053,-0.239625,0.389261,OK
412,4.110000,40.055862,0.075036,12.193192,3.000000,0.065217,0.404817,-0.240027,0.390012,OK
413,4.120000,40.058118,0.075039,12.210722,3.000000,0.065208,0.404564,-0.240404,0.390762,OK
414,4.130000,40.059631,0.074962,12.230772,3.000000,0.065200,0.404319,-0.240733,0.391512,OK
415,4.140000,40.060452,0.074779,12.252588,3.000000,0.065194,0.404099,-0.240997,0.392259,OK
416,4.150000,40.060636,0.074482,12.275317,3.000000,0.065189,0.403915,-0.241191,0.393004,OK
417,4.160000,40.060238,0.074074,12.298134,3.000000,0.065186,0.403768,-0.241317,0.393745,OK
418,4.170000,40.059309,0.073569,12.320342,3.000000,0.065185,0.403652,-0.241382,0.394481,OK
419,4.180000,40.057901,0.072986,12.341444,3.000000,0.065184,0.403559,-0.241397,0.395210,OK
420,4.190000,40.056060,0.072342,12.361182,3.000000,0.065185,0.403483,-0.241372,0.395934,OK
421,4.200000,40.053833,0.071646,12.379535,3.000000,0.065186,0.403420,-0.241313,0.396650,OK
422,4.210000,40.051259,0.070900,12.396689,3.000000,0.065189,0.403372,-0.241220,0.397359,OK
423,4.220000,40.048378,0.070100,12.412972,3.000000,0.065192,0.403344,-0.241090,0.398060,OK
424,4.230000,40.045225,0.069238,12.428797,3.000000,0.065196,0.403341,-0.240919,0.398753,OK
425,4.240000,40.041834,0.068311,12.444550,3.000000,0.065201,0.403370,-0.240704,0.399436,OK
426,4.250000,40.038236,0.067319,12.460546,3.000000,0.065207,0.403431,-0.240446,0.400109,OK
427,4.260000,40.034464,0.066275,12.476942,3.000000,0.065214,0.403519,-0.240151,0.400772,OK
428,4.270000,40.030549,0.065196,12.493726,3.000000,0.065221,0.403625,-0.239829,0.401424,OK
429,4.280000,40.026524,0.064103,12.510682,3.000000,0.065229,0.403739,-0.239494,0.402065,OK
430,4.290000,40.022421,0.063020,12.527423,3.000000,0.065237,0.403848,-0.239159,0.402695,OK
431,4.300000,40.018257,0.061962,12.543458,3.000000,0.065245,0.403944,-0.238835,0.403315,OK
432,4.310000,40.014037,0.060942,12.558292,3.000000,0.065252,0.404019,-0.238527,0.403924,OK
433,4.320000,40.009755,0.059965,12.571515,3.000000,0.065259,0.404070,-0.238241,0.404524,OK
434,4.330000,40.005393,0.059031,12.582906,3.000000,0.065265,0.404096,-0.237976,0.405114,OK
435,4.340000,40.000930,0.058140,12.592468,3.000000,0.065271,0.404094,-0.237732,0.405695,OK
436,4.350000,39.996339,0.057292,12.600454,3.000000,0.065276,0.404064,-0.237509,0.406268,OK
437,4.360000,39.991591,0.056489,12.607308,3.000000,0.065281,0.404002,-0.237310,0.406833,OK
438,4.370000,39.986657,0.055736,12.613612,3.000000,0.065285,0.403903,-0.237137,0.407391,OK
439,4.380000,39.981509,0.055039,12.619970,3.000000,0.065288,0.403762,-0.236994,0.407941,OK
440,4.390000,39.976120,0.054403,12.626925,3.000000,0.065291,0.403576,-0.236884,0.408485,OK
441,4.400000,39.970468,0.053828,12.634868,3.000000,0.065293,0.403340,-0.236808,0.409023,OK
442,4.410000,39.964532,0.053310,12.643990,3.000000,0.065294,0.403057,-0.236764,0.409556,OK
443,4.420000,39.958299,0.052841,12.654271,3.000000,0.065294,0.402731,-0.236747,0.410085,OK
444,4.430000,39.951758,0.052406,12.665502,3.000000,0.065294,0.402369,-0.236748,0.410609,OK
445,4.440000,39.944901,0.051992,12.677337,3.000000,0.065294,0.401980,-0.236759,0.411129,OK
446,4.450000,39.937726,0.051584,12.689384,3.000000,0.065294,0.401571,-0.236773,0.411645,OK
447,4.460000,39.930233,0.051175,12.701271,3.000000,0.065293,0.401147,-0.236783,0.412156,OK
448,4.470000,39.922424,0.050762,12.712712,3.000000,0.065293,0.400710,-0.236789,0.412664,OK
449,4.480000,39.914303,0.050345,12.723547,3.000000,0.065293,0.400260,-0.236791,0.413167,OK
450,4.490000,39.905875,0.049928,12.733760,3.000000,0.065293,0.399795,-0.236790,0.413667,OK
451,4.500000,39.897145,0.049515,12.743461,3.000000,0.065293,0.399313,-0.236790,0.414162,OK
452,4.510000,39.888119,0.049108,12.752860,3.000000,0.065293,0.398813,-0.236791,0.414653,OK
453,4.520000,39.878803,0.048704,12.762214,3.000000,0.065293,0.398296,-0.236792,0.415140,OK
454,4.530000,39.869203,0.048298,12.771780,3.000000,0.065293,0.397768,-0.236790,0.415623,OK
455,4.540000,39.859325,0.047881,12.781771,3.000000,0.065293,0.397232,-0.236779,0.416102,OK
456,4.550000,39.849176,0.047445,12.792320,3.000000,0.065294,0.396694,-0.236755,0.416576,OK
457,4.560000,39.838762,0.046984,12.803462,3.000000,0.065295,0.396159,-0.236713,0.417046,OK
458,4.570000,39.828090,0.046496,12.815133,3.000000,0.065296,0.395628,-0.236653,0.417511,OK
459,4.580000,39.817168,0.045982,12.827184,3.000000,0.065298,0.395101,-0.236575,0.417971,OK
460,4.590000,39.806006,0.045450,12.839403,3.000000,0.065301,0.394574,-0.236482,0.418425,OK
461,4.600000,39.794612,0.044906,12.851550,3.000000,0.065303,0.394043,-0.236381,0.418874,OK
462,4.610000,39.782996,0.044360,12.863392,3.000000,0.065305,0.393505,-0.236275,0.419318,OK
463,4.620000,39.771171,0.043817,12.874735,3.000000,0.065308,0.392955,-0.236168,0.419756,OK
464,4.630000,39.759148,0.043279,12.885450,3.000000,0.065310,0.392393,-0.236062,0.420189,OK
465,4.640000,39.746940,0.042747,12.895491,3.000000,0.065313,0.391819,-0.235956,0.420616,OK
466,4.650000,39.734558,0.042218,12.904894,3.000000,0.065315,0.391237,-0.235850,0.421039,OK
467,4.660000,39.722014,0.041688,12.913766,3.000000,0.065318,0.390649,-0.235740,0.421455,OK
468,4.670000,39.709319,0.041155,12.922259,3.000000,0.065321,0.390056,-0.235626,0.421867,OK
469,4.680000,39.696482,0.040619,12.930545,3.000000,0.065324,0.389459,-0.235508,0.422273,OK
470,4.690000,39.683511,0.040083,12.938779,3.000000,0.065326,0.388857,-0.235387,0.422674,OK
471,4.700000,39.670414,0.039552,12.947069,3.000000,0.065329,0.388247,-0.235266,0.423070,OK
472,4.710000,39.657199,0.039031,12.955460,3.000000,0.065332,0.387627,-0.235149,0.423460,OK
473,4.720000,39.643873,0.038526,12.963923,3.000000,0.065335,0.386994,-0.235038,0.423845,OK
474,4.730000,39.630444,0.038038,12.972362,3.000000,0.065337,0.386345,-0.234936,0.424225,OK
475,4.740000,39.616920,0.037570,12.980636,3.000000,0.065339,0.385683,-0.234843,0.424601,OK
476,4.750000,39.603309,0.037119,12.988585,3.000000,0.065341,0.385006,-0.234757,0.424972,OK
477,4.760000,39.589621,0.036683,12.996059,3.000000,0.065343,0.384319,-0.234679,0.425339,OK
478,4.770000,39.575866,0.036258,13.002947,3.000000,0.065345,0.383622,-0.234606,0.425702,OK
479,4.780000,39.562052,0.035845,13.009195,3.000000,0.065346,0.382916,-0.234537,0.426060,OK
480,4.790000,39.548190,0.035442,13.014811,3.000000,0.065348,0.382204,-0.234473,0.426415,OK
481,4.800000,39.534287,0.035053,13.019855,3.000000,0.065349,0.381482,-0.234414,0.426765,OK
482,4.810000,39.520352,0.034678,13.024424,3.000000,0.065351,0.380751,-0.234363,0.427112,OK
483,4.820000,39.506390,0.034322,13.028638,3.000000,0.065352,0.380010,-0.234320,0.427455,OK
484,4.830000,39.492410,0.033985,13.032619,3.000000,0.065352,0.379256,-0.234289,0.427795,OK
485,4.840000,39.478416,0.033671,13.036459,3.000000,0.065353,0.378489,-0.234268,0.428132,OK
486,4.850000,39.464415,0.033375,13.040214,3.000000,0.065353,0.377712,-0.234258,0.428465,OK
487,4.860000,39.450411,0.033097,13.043895,3.000000,0.065353,0.376925,-0.234257,0.428796,OK
488,4.870000,39.436411,0.032833,13.047474,3.000000,0.065353,0.376130,-0.234262,0.429125,OK
489,4.880000,39.422418,0.032580,13.050891,3.000000,0.065353,0.375331,-0.234273,0.429451,OK
490,4.890000,39.408440,0.032337,13.054073,3.000000,0.065352,0.374526,-0.234289,0.429774,OK
491,4.900000,39.394481,0.032105,13.056945,3.000000,0.065352,0.373718,-0.234310,0.430095,OK
492,4.910000,39.380548,0.031885,13.059447,3.000000,0.065351,0.372903,-0.234338,0.430414,OK
493,4.920000,39.366645,0.031680,13.061540,3.000000,0.065350,0.372083,-0.234373,0.430731,OK
494,4.930000,39.352778,0.031493,13.063212,3.000000,0.065349,0.371253,-0.234418,0.431046,OK
495,4.940000,39.338953,0.031325,13.064479,3.000000,0.065348,0.370416,-0.234474,0.431359,OK
496,4.950000,39.325175,0.031176,13.065382,3.000000,0.065346,0.369570,-0.234541,0.431671,OK
497,4.960000,39.311448,0.031043,13.065976,3.000000,0.065345,0.368716,-0.234617,0.431981,OK
498,4.970000,39.297778,0.030925,13.066328,3.000000,0.065343,0.367858,-0.234700,0.432290,OK
499,4.980000,39.284168,0.030818,13.066501,3.000000,0.065340,0.366997,-0.234790,0.432598,OK
500,4.990000,39.270622,0.030719,13.066552,3.000000,0.065338,0.366134,-0.234884,0.432906,OK
501,5.000000,39.257143,0.030627,13.066518,3.000000,0.065336,0.365271,-0.234982,0.433212,OK
502,5.010000,39.243735,0.030542,13.066419,3.000000,0.065334,0.364408,-0.235084,0.433517,OK
503,5.020000,39.230399,0.030465,13.066253,3.000000,0.065331,0.363544,-0.235190,0.433822,OK
504,5.030000,39.217139,0.030398,13.065995,3.000000,0.065328,0.362678,-0.235302,0.434126,OK
505,5.040000,39.203959,0.030344,13.065609,3.000000,0.065326,0.361809,-0.235421,0.434429,OK
506,5.050000,39.190860,0.030302,13.065050,3.000000,0.065323,0.360937,-0.235547,0.434732,OK
507,5.060000,39.177846,0.030273,13.064277,3.000000,0.065319,0.360062,-0.235681,0.435035,OK
508,5.070000,39.164920,0.030255,13.063257,3.000000,0.065316,0.359186,-0.235822,0.435338,OK
509,5.080000,39.152087,0.030245,13.061976,3.000000,0.065313,0.358308,-0.235967,0.435640,OK
510,5.090000,39.139348,0.030242,13.060440,3.000000,0.065309,0.357433,-0.236116,0.435943,OK
511,5.100000,39.126708,0.030243,13.058676,3.000000,0.065306,0.356559,-0.236268,0.436245,OK
512,5.110000,39.114168,0.030248,13.056727,3.000000,0.065302,0.355689,-0.236423,0.436547,OK
513,5.120000,39.101730,0.030257,13.054642,3.000000,0.065298,0.354821,-0.236579,0.436850,OK
514,5.130000,39.089398,0.030271,13.052473,3.000000,0.065294,0.353957,-0.236739,0.437153,OK
515,5.140000,39.077171,0.030292,13.050259,3.000000,0.065291,0.353094,-0.236903,0.437456,OK
516,5.150000,39.065052,0.030320,13.048026,3.000000,0.065287,0.352232,-0.237071,0.437759,OK
517,5.160000,39.053042,0.030355,13.045780,3.000000,0.065283,0.351371,-0.237244,0.438062,OK
518,5.170000,39.041143,0.030398,13.043511,3.000000,0.065278,0.350512,-0.237422,0.438366,OK
519,5.180000,39.029356,0.030447,13.041194,3.000000,0.065274,0.349655,-0.237604,0.438671,OK
520,5.190000,39.017682,0.030500,13.038797,3.000000,0.065270,0.348801,-0.237788,0.438976,OK
521,5.200000,39.006124,0.030556,13.036291,3.000000,0.065265,0.347952,-0.237974,0.439281,OK
522,5.210000,38.994683,0.030613,13.033652,3.000000,0.065261,0.347107,-0.238162,0.439588,OK
523,5.220000,38.983360,0.030672,13.030870,3.000000,0.065256,0.346269,-0.238350,0.439894,OK
524,5.230000,38.972157,0.030732,13.027945,3.000000,0.065252,0.345436,-0.238540,0.440202,OK
525,5.240000,38.961076,0.030795,13.024891,3.000000,0.065247,0.344607,-0.238732,0.440510,OK
526,5.250000,38.950117,0.030862,13.021732,3.000000,0.065243,0.343782,-0.238926,0.440818,OK
527,5.260000,38.939281,0.030933,13.018495,3.000000,0.065238,0.342961,-0.239124,0.441128,OK
528,5.270000,38.928569,0.031010,13.015206,3.000000,0.065233,0.342144,-0.239325,0.441438,OK
529,5.280000,38.917983,0.031090,13.011889,3.000000,0.065229,0.341331,-0.239528,0.441749,OK
530,5.290000,38.907522,0.031173,13.008560,3.000000,0.065224,0.340522,-0.239734,0.442060,OK
531,5.300000,38.897187,0.031258,13.005227,3.000000,0.065219,0.339720,-0.239941,0.442373,OK
532,5.310000,38.886978,0.031343,13.001891,3.000000,0.065214,0.338923,-0.240149,0.442686,OK
533,5.320000,38.876897,0.031428,12.998547,3.000000,0.065209,0.338134,-0.240357,0.443001,OK
534,5.330000,38.866943,0.031513,12.995185,3.000000,0.065204,0.337351,-0.240566,0.443316,OK
535,5.340000,38.857116,0.031598,12.991793,3.000000,0.065199,0.336575,-0.240775,0.443632,OK
536,5.350000,38.847418,0.031684,12.988360,3.000000,0.065194,0.335804,-0.240985,0.443948,OK
537,5.360000,38.837848,0.031772,12.984875,3.000000,0.065189,0.335040,-0.241196,0.444266,OK
538,5.370000,38.828407,0.031863,12.981334,3.000000,0.065184,0.334280,-0.241410,0.444585,OK
539,5.380000,38.819095,0.031956,12.977733,3.000000,0.065179,0.333526,-0.241626,0.444904,OK
540,5.390000,38.809912,0.032051,12.974077,3.000000,0.065174,0.332778,-0.241843,0.445225,OK
541,5.400000,38.800859,0.032148,12.970375,3.000000,0.065169,0.332035,-0.242062,0.445546,OK
542,5.410000,38.791936,0.032244,12.966638,3.000000,0.065163,0.331300,-0.242281,0.445869,OK
543,5.420000,38.783142,0.032339,12.962882,3.000000,0.065158,0.330572,-0.242500,0.446192,OK
544,5.430000,38.774478,0.032433,12.959124,3.000000,0.065153,0.329851,-0.242718,0.446517,OK
545,5.440000,38.765942,0.032526,12.955378,3.000000,0.065148,0.329138,-0.242936,0.446842,OK
546,5.450000,38.757536,0.032618,12.951653,3.000000,0.065143,0.328433,-0.243155,0.447168,OK
547,5.460000,38.749257,0.032710,12.947954,3.000000,0.065138,0.327734,-0.243374,0.447495,OK
548,5.470000,38.741106,0.032802,12.944281,3.000000,0.065132,0.327041,-0.243593,0.447823,OK
549,5.480000,38.733082,0.032896,12.940625,3.000000,0.065127,0.326355,-0.243813,0.448152,OK
550,5.490000,38.725185,0.032990,12.936977,3.000000,0.065122,0.325675,-0.244035,0.448482,OK
551,5.500000,38.717415,0.033084,12.933326,3.000000,0.065117,0.325002,-0.244257,0.448813,OK
552,5.510000,38.709770,0.033179,12.929662,3.000000,0.065112,0.324335,-0.244479,0.449145,OK
553,5.520000,38.702251,0.033272,12.925980,3.000000,0.065106,0.323676,-0.244702,0.449477,OK
554,5.530000,38.694856,0.033363,12.922279,3.000000,0.065101,0.323025,-0.244923,0.449811,OK
555,5.540000,38.687586,0.033453,12.918565,3.000000,0.065096,0.322381,-0.245144,0.450145,OK
556,5.550000,38.680439,0.033541,12.914848,3.000000,0.065091,0.321745,-0.245365,0.450481,OK
557,5.560000,38.673415,0.033628,12.911139,3.000000,0.065085,0.321116,-0.245585,0.450817,OK
558,5.570000,38.666512,0.033714,12.907451,3.000000,0.065080,0.320494,-0.245806,0.451154,OK
559,5.580000,38.659729,0.033800,12.903797,3.000000,0.065075,0.319879,-0.246026,0.451492,OK
560,5.590000,38.653065,0.033885,12.900182,3.000000,0.065070,0.319270,-0.246246,0.451831,OK
561,5.600000,38.646520,0.033970,12.896610,3.000000,0.065065,0.318668,-0.246467,0.452171,OK
562,5.610000,38.640091,0.034054,12.893080,3.000000,0.065059,0.318073,-0.246688,0.452511,OK
563,5.620000,38.633778,0.034136,12.889590,3.000000,0.065054,0.317485,-0.246908,0.452853,OK
564,5.630000,38.627579,0.034217,12.886133,3.000000,0.065049,0.316904,-0.247128,0.453195,OK
565,5.640000,38.621492,0.034296,12.882706,3.000000,0.065044,0.316330,-0.247346,0.453538,OK
566,5.650000,38.615517,0.034372,12.879304,3.000000,0.065039,0.315764,-0.247564,0.453882,OK
567,5.660000,38.609652,0.034447,12.875927,3.000000,0.065034,0.315205,-0.247781,0.454226,OK
568,5.670000,38.603895,0.034520,12.872575,3.000000,0.065028,0.314652,-0.247998,0.454571,OK
569,5.680000,38.598244,0.034592,12.869252,3.000000,0.065023,0.314106,-0.248214,0.454917,OK
570,5.690000,38.592698,0.034664,12.865960,3.000000,0.065018,0.313566,-0.248430,0.455264,OK
571,5.700000,38.587255,0.034734,12.862708,3.000000,0.065013,0.313033,-0.248646,0.455611,OK
572,5.710000,38.581912,0.034802,12.859500,3.000000,0.065008,0.312505,-0.248861,0.455959,OK
573,5.720000,38.576667,0.034869,12.856343,3.000000,0.065003,0.311985,-0.249075,0.456308,OK
574,5.730000,38.571519,0.034934,12.853243,3.000000,0.064998,0.311470,-0.249289,0.456657,OK
575,5.740000,38.566463,0.034996,12.850204,3.000000,0.064993,0.310962,-0.249501,0.457007,OK
576,5.750000,38.561499,0.035056,12.847231,3.000000,0.064988,0.310461,-0.249712,0.457358,OK
577,5.760000,38.556623,0.035113,12.844328,3.000000,0.064983,0.309966,-0.249922,0.457709,OK
578,5.770000,38.551832,0.035167,12.841497,3.000000,0.064978,0.309477,-0.250131,0.458061,OK
579,5.780000,38.547123,0.035220,12.838739,3.000000,0.064973,0.308994,-0.250339,0.458413,OK
580,5.790000,38.542492,0.035272,12.836057,3.000000,0.064968,0.308516,-0.250546,0.458765,OK
581,5.800000,38.537937,0.035322,12.833450,3.000000,0.064963,0.308043,-0.250752,0.459119,OK
582,5.810000,38.533453,0.035370,12.830918,3.000000,0.064958,0.307574,-0.250958,0.459472,OK
583,5.820000,38.529037,0.035417,12.828464,3.000000,0.064954,0.307111,-0.251163,0.459827,OK
584,5.830000,38.524684,0.035460,12.826090,3.000000,0.064949,0.306653,-0.251367,0.460181,OK
585,5.840000,38.520391,0.035501,12.823803,3.000000,0.064944,0.306199,-0.251569,0.460536,OK
586,5.850000,38.516152,0.035539,12.821608,3.000000,0.064939,0.305750,-0.251769,0.460892,OK
587,5.860000,38.511962,0.035574,12.819516,3.000000,0.064935,0.305306,-0.251968,0.461247,OK
588,5.870000,38.507816,0.035606,12.817536,3.000000,0.064930,0.304866,-0.252165,0.461603,OK
589,5.880000,38.503708,0.035635,12.815679,3.000000,0.064925,0.304430,-0.252361,0.461960,OK
590,5.890000,38.499632,0.035661,12.813954,3.000000,0.064921,0.303997,-0.252555,0.462316,OK
591,5.900000,38.495581,0.035686,12.812372,3.000000,0.064916,0.303566,-0.252748,0.462673,OK
592,5.910000,38.491546,0.035707,12.810938,3.000000,0.064912,0.303138,-0.252940,0.463030,OK
593,5.920000,38.487523,0.035727,12.809671,3.000000,0.064907,0.302712,-0.253130,0.463387,OK
594,5.930000,38.483510,0.035743,12.808582,3.000000,0.064903,0.302288,-0.253318,0.463745,OK
595,5.940000,38.479508,0.035755,12.807672,3.000000,0.064898,0.301867,-0.253505,0.464102,OK
596,5.950000,38.475520,0.035762,12.806936,3.000000,0.064894,0.301451,-0.253687,0.464460,OK
597,5.960000,38.471552,0.035761,12.806352,3.000000,0.064890,0.301040,-0.253865,0.464818,OK
598,5.970000,38.467610,0.035751,12.805889,3.000000,0.064886,0.300635,-0.254038,0.465175,OK
599,5.980000,38.463703,0.035732,12.805506,3.000000,0.064882,0.300239,-0.254206,0.465533,OK
600,5.990000,38.459836,0.035704,12.805153,3.000000,0.064878,0.299850,-0.254367,0.465890,OK
601,6.000000,38.456021,0.035666,12.804783,3.000000,0.064874,0.299470,-0.254523,0.466246,OK
602,6.010000,38.452265,0.035620,12.804348,3.000000,0.064871,0.299099,-0.254673,0.466602,OK
603,6.020000,38.448577,0.035567,12.803812,3.000000,0.064867,0.298737,-0.254819,0.466958,OK
604,6.030000,38.444966,0.035508,12.803141,3.000000,0.064864,0.298382,-0.254961,0.467313,OK
605,6.040000,38.441441,0.035443,12.802314,3.000000,0.064861,0.298037,-0.255100,0.467668,OK
606,6.050000,38.438008,0.035375,12.801319,3.000000,0.064857,0.297699,-0.255236,0.468021,OK
607,6.060000,38.434677,0.035304,12.800155,3.000000,0.064854,0.297369,-0.255370,0.468374,OK
608,6.070000,38.431454,0.035231,12.798826,3.000000,0.064851,0.297048,-0.255502,0.468727,OK
609,6.080000,38.428346,0.035156,12.797340,3.000000,0.064848,0.296734,-0.255633,0.469078,OK
610,6.090000,38.425360,0.035080,12.795706,3.000000,0.064845,0.296429,-0.255763,0.469429,OK
611,6.100000,38.422502,0.035005,12.793927,3.000000,0.064842,0.296131,-0.255893,0.469779,OK
612,6.110000,38.419778,0.034931,12.792006,3.000000,0.064839,0.295840,-0.256023,0.470128,OK
613,6.120000,38.417192,0.034860,12.789939,3.000000,0.064836,0.295556,-0.256155,0.470477,OK
614,6.130000,38.414751,0.034794,12.787714,3.000000,0.064832,0.295278,-0.256289,0.470825,OK
615,6.140000,38.412460,0.034733,12.785320,3.000000,0.064829,0.295006,-0.256426,0.471172,OK
616,6.150000,38.410322,0.034679,12.782742,3.000000,0.064826,0.294740,-0.256567,0.471519,OK
617,6.160000,38.408342,0.034632,12.779967,3.000000,0.064822,0.294478,-0.256712,0.471865,OK
618,6.170000,38.406524,0.034593,12.776984,3.000000,0.064819,0.294222,-0.256862,0.472211,OK
619,6.180000,38.404872,0.034562,12.773791,3.000000,0.064815,0.293970,-0.257016,0.472557,OK
620,6.190000,38.403389,0.034539,12.770390,3.000000,0.064812,0.293724,-0.257175,0.472902,OK
621,6.200000,38.402077,0.034524,12.766792,3.000000,0.064808,0.293483,-0.257338,0.473248,OK
622,6.210000,38.400940,0.034517,12.763013,3.000000,0.064804,0.293248,-0.257506,0.473593,OK
623,6.220000,38.399978,0.034518,12.759073,3.000000,0.064800,0.293018,-0.257680,0.473938,OK
624,6.230000,38.399195,0.034527,12.754992,3.000000,0.064795,0.292794,-0.257858,0.474283,OK
625,6.240000,38.398592,0.034545,12.750791,3.000000,0.064791,0.292575,-0.258041,0.474629,OK
626,6.250000,38.398168,0.034571,12.746485,3.000000,0.064787,0.292361,-0.258230,0.474974,OK
627,6.260000,38.397927,0.034605,12.742084,3.000000,0.064782,0.292154,-0.258423,0.475320,OK
628,6.270000,38.397867,0.034646,12.737598,3.000000,0.064777,0.291952,-0.258621,0.475667,OK
629,6.280000,38.397990,0.034694,12.733026,3.000000,0.064773,0.291758,-0.258823,0.476014,OK
630,6.290000,38.398296,0.034748,12.728370,3.000000,0.064768,0.291570,-0.259029,0.476361,OK
631,6.300000,38.398786,0.034807,12.723629,3.000000,0.064763,0.291389,-0.259239,0.476709,OK
632,6.310000,38.399458,0.034870,12.718803,3.000000,0.064758,0.291216,-0.259451,0.477058,OK
633,6.320000,38.400312,0.034939,12.713895,3.000000,0.064753,0.291051,-0.259667,0.477408,OK
634,6.330000,38.401349,0.035012,12.708909,3.000000,0.064747,0.290893,-0.259886,0.477758,OK
635,6.340000,38.402568,0.035089,12.703856,3.000000,0.064742,0.290743,-0.260108,0.478109,OK
636,6.350000,38.403967,0.035170,12.698746,3.000000,0.064737,0.290600,-0.260332,0.478460,OK
637,6.360000,38.405545,0.035255,12.693595,3.000000,0.064732,0.290466,-0.260560,0.478813,OK
638,6.370000,38.407302,0.035343,12.688415,3.000000,0.064726,0.290340,-0.260789,0.479166,OK
639,6.380000,38.409235,0.035434,12.683221,3.000000,0.064721,0.290222,-0.261021,0.479521,OK
640,6.390000,38.411344,0.035526,12.678026,3.000000,0.064715,0.290113,-0.261253,0.479876,OK
641,6.400000,38.413627,0.035619,12.672839,3.000000,0.064710,0.290014,-0.261487,0.480232,OK
642,6.410000,38.416081,0.035713,12.667668,3.000000,0.064704,0.289923,-0.261722,0.480589,OK
643,6.420000,38.418706,0.035807,12.662519,3.000000,0.064699,0.289842,-0.261958,0.480947,OK
644,6.430000,38.421500,0.035901,12.657394,3.000000,0.064693,0.289771,-0.262194,0.481306,OK
645,6.440000,38.424460,0.035995,12.652293,3.000000,0.064687,0.289708,-0.262430,0.481666,OK
646,6.450000,38.427585,0.036090,12.647218,3.000000,0.064682,0.289655,-0.262667,0.482027,OK
647,6.460000,38.430872,0.036184,12.642162,3.000000,0.064676,0.289610,-0.262905,0.482389,OK
648,6.470000,38.434321,0.036279,12.637136,3.000000,0.064671,0.289575,-0.263143,0.482752,OK
649,6.480000,38.437928,0.036373,12.632129,3.000000,0.064665,0.289549,-0.263382,0.483115,OK
650,6.490000,38.441691,0.036466,12.627153,3.000000,0.064659,0.289532,-0.263620,0.483480,OK
651,6.500000,38.445609,0.036556,12.622199,3.000000,0.064654,0.289525,-0.263856,0.483846,OK
652,6.510000,38.449679,0.036643,12.617275,3.000000,0.064648,0.289529,-0.264092,0.484212,OK
653,6.520000,38.453899,0.036727,12.612388,3.000000,0.064643,0.289542,-0.264326,0.484579,OK
654,6.530000,38.458267,0.036809,12.607547,3.000000,0.064637,0.289566,-0.264559,0.484947,OK
655,6.540000,38.462780,0.036887,12.602759,3.000000,0.064632,0.289599,-0.264791,0.485316,OK
656,6.550000,38.467435,0.036963,12.598033,3.000000,0.064626,0.289642,-0.265021,0.485686,OK
657,6.560000,38.472232,0.037036,12.593367,3.000000,0.064621,0.289695,-0.265250,0.486056,OK
658,6.570000,38.477166,0.037107,12.588770,3.000000,0.064615,0.289756,-0.265478,0.486427,OK
659,6.580000,38.482237,0.037176,12.584230,3.000000,0.064610,0.289826,-0.265705,0.486799,OK
660,6.590000,38.487442,0.037244,12.579753,3.000000,0.064605,0.289905,-0.265932,0.487172,OK
661,6.600000,38.492778,0.037309,12.575331,3.000000,0.064599,0.289992,-0.266158,0.487545,OK
662,6.610000,38.498243,0.037372,12.570964,3.000000,0.064594,0.290088,-0.266382,0.487918,OK
663,6.620000,38.503836,0.037433,12.566649,3.000000,0.064589,0.290192,-0.266606,0.488293,OK
664,6.630000,38.509553,0.037491,12.562388,3.000000,0.064583,0.290305,-0.266829,0.488668,OK
665,6.640000,38.515393,0.037547,12.558180,3.000000,0.064578,0.290425,-0.267050,0.489043,OK
666,6.650000,38.521354,0.037602,12.554030,3.000000,0.064573,0.290554,-0.267271,0.489419,OK
667,6.660000,38.527432,0.037654,12.549939,3.000000,0.064568,0.290690,-0.267490,0.489796,OK
668,6.670000,38.533627,0.037704,12.545913,3.000000,0.064563,0.290834,-0.267709,0.490173,OK
669,6.680000,38.539936,0.037753,12.541953,3.000000,0.064557,0.290985,-0.267927,0.490550,OK
670,6.690000,38.546356,0.037800,12.538064,3.000000,0.064552,0.291144,-0.268144,0.490928,OK
671,6.700000,38.552886,0.037845,12.534245,3.000000,0.064547,0.291309,-0.268360,0.491307,OK
672,6.710000,38.559523,0.037888,12.530497,3.000000,0.064542,0.291482,-0.268576,0.491686,OK
673,6.720000,38.566266,0.037928,12.526821,3.000000,0.064537,0.291663,-0.268789,0.492065,OK
674,6.730000,38.573112,0.037966,12.523213,3.000000,0.064532,0.291850,-0.269002,0.492444,OK
675,6.740000,38.580059,0.038001,12.519672,3.000000,0.064527,0.292045,-0.269213,0.492825,OK
676,6.750000,38.587106,0.038034,12.516196,3.000000,0.064522,0.292247,-0.269423,0.493205,OK
677,6.760000,38.594250,0.038064,12.512784,3.000000,0.064517,0.292456,-0.269631,0.493585,OK
678,6.770000,38.601489,0.038092,12.509433,3.000000,0.064512,0.292671,-0.269838,0.493966,OK
679,6.780000,38.608823,0.038118,12.506144,3.000000,0.064507,0.292893,-0.270045,0.494348,OK
680,6.790000,38.616247,0.038142,12.502915,3.000000,0.064503,0.293121,-0.270250,0.494729,OK
681,6.800000,38.623762,0.038164,12.499747,3.000000,0.064498,0.293355,-0.270454,0.495111,OK
682,6.810000,38.631365,0.038183,12.496640,3.000000,0.064493,0.293596,-0.270656,0.495492,OK
683,6.820000,38.639053,0.038201,12.493596,3.000000,0.064488,0.293842,-0.270858,0.495874,OK
684,6.830000,38.646826,0.038216,12.490614,3.000000,0.064484,0.294095,-0.271058,0.496257,OK
685,6.840000,38.654682,0.038228,12.487697,3.000000,0.064479,0.294354,-0.271256,0.496639,OK
686,6.850000,38.662618,0.038238,12.484843,3.000000,0.064474,0.294619,-0.271453,0.497021,OK
687,6.860000,38.670633,0.038245,12.482053,3.000000,0.064470,0.294890,-0.271649,0.497404,OK
688,6.870000,38.678726,0.038250,12.479326,3.000000,0.064465,0.295167,-0.271843,0.497786,OK
689,6.880000,38.686894,0.038252,12.476660,3.000000,0.064460,0.295449,-0.272036,0.498169,OK
690,6.890000,38.695136,0.038253,12.474055,3.000000,0.064456,0.295737,-0.272228,0.498551,OK
691,6.900000,38.703450,0.038252,12.471507,3.000000,0.064451,0.296029,-0.272418,0.498934,OK
692,6.910000,38.711835,0.038249,12.469015,3.000000,0.064447,0.296327,-0.272608,0.499316,OK
693,6.920000,38.720290,0.038245,12.466577,3.000000,0.064442,0.296630,-0.272796,0.499699,OK
694,6.930000,38.728811,0.038238,12.464192,3.000000,0.064438,0.296937,-0.272983,0.500081,OK
695,6.940000,38.737399,0.038230,12.461858,3.000000,0.064434,0.297250,-0.273170,0.500463,OK
696,6.950000,38.746052,0.038219,12.459576,3.000000,0.064429,0.297567,-0.273354,0.500846,OK
697,6.960000,38.754768,0.038207,12.457344,3.000000,0.064425,0.297889,-0.273538,0.501228,OK
698,6.970000,38.763545,0.038192,12.455166,3.000000,0.064421,0.298216,-0.273720,0.501610,OK
699,6.980000,38.772382,0.038175,12.453039,3.000000,0.064416,0.298547,-0.273901,0.501991,OK
700,6.990000,38.781278,0.038156,12.450965,3.000000,0.064412,0.298883,-0.274080,0.502373,OK
701,7.000000,38.790230,0.038136,12.448943,3.000000,0.064408,0.299223,-0.274259,0.502754,OK
702,7.010000,38.799239,0.038114,12.446973,3.000000,0.064404,0.299567,-0.274436,0.503135,OK
703,7.020000,38.808302,0.038090,12.445055,3.000000,0.064400,0.299915,-0.274612,0.503516,OK
704,7.030000,38.817418,0.038065,12.443186,3.000000,0.064395,0.300267,-0.274788,0.503897,OK
705,7.040000,38.826586,0.038039,12.441365,3.000000,0.064391,0.300623,-0.274962,0.504277,OK
706,7.050000,38.835804,0.038011,12.439590,3.000000,0.064387,0.300983,-0.275135,0.504657,OK
707,7.060000,38.845071,0.037980,12.437853,3.000000,0.064383,0.301347,-0.275307,0.505037,OK
708,7.070000,38.854386,0.037948,12.436152,3.000000,0.064379,0.301714,-0.275477,0.505417,OK
709,7.080000,38.863748,0.037913,12.434486,3.000000,0.064375,0.302086,-0.275646,0.505796,OK
710,7.090000,38.873154,0.037877,12.432855,3.000000,0.064371,0.302462,-0.275813,0.506175,OK
711,7.100000,38.882605,0.037838,12.431258,3.000000,0.064367,0.302841,-0.275979,0.506553,OK
712,7.110000,38.892098,0.037798,12.429696,3.000000,0.064363,0.303223,-0.276144,0.506931,OK
713,7.120000,38.901633,0.037756,12.428170,3.000000,0.064359,0.303610,-0.276308,0.507309,OK
714,7.130000,38.911208,0.037712,12.426680,3.000000,0.064356,0.303999,-0.276470,0.507686,OK
715,7.140000,38.920822,0.037667,12.425225,3.000000,0.064352,0.304391,-0.276631,0.508062,OK
716,7.150000,38.930473,0.037621,12.423807,3.000000,0.064348,0.304786,-0.276792,0.508439,OK
717,7.160000,38.940162,0.037574,12.422424,3.000000,0.064344,0.305184,-0.276952,0.508814,OK
718,7.170000,38.949886,0.037526,12.421077,3.000000,0.064340,0.305585,-0.277110,0.509190,OK
719,7.180000,38.959644,0.037477,12.419765,3.000000,0.064337,0.305988,-0.277269,0.509564,OK
720,7.190000,38.969436,0.037428,12.418488,3.000000,0.064333,0.306393,-0.277426,0.509939,OK
721,7.200000,38.979260,0.037378,12.417245,3.000000,0.064329,0.306801,-0.277583,0.510312,OK
722,7.210000,38.989115,0.037327,12.416036,3.000000,0.064326,0.307210,-0.277739,0.510686,OK
723,7.220000,38.998999,0.037276,12.414861,3.000000,0.064322,0.307622,-0.277895,0.511058,OK
724,7.230000,39.008913,0.037224,12.413719,3.000000,0.064318,0.308036,-0.278050,0.511431,OK
725,7.240000,39.018854,0.037172,12.412609,3.000000,0.064315,0.308452,-0.278204,0.511802,OK
726,7.250000,39.028823,0.037119,12.411533,3.000000,0.064311,0.308870,-0.278358,0.512174,OK
727,7.260000,39.038816,0.037065,12.410489,3.000000,0.064307,0.309290,-0.278511,0.512544,OK
728,7.270000,39.048835,0.037009,12.409479,3.000000,0.064304,0.309712,-0.278663,0.512914,OK
729,7.280000,39.058877,0.036953,12.408502,3.000000,0.064300,0.310136,-0.278814,0.513284,OK
730,7.290000,39.068942,0.036895,12.407559,3.000000,0.064297,0.310562,-0.278964,0.513653,OK
731,7.300000,39.079028,0.036837,12.406649,3.000000,0.064293,0.310990,-0.279113,0.514021,OK
732,7.310000,39.089135,0.036778,12.405774,3.000000,0.064290,0.311420,-0.279261,0.514389,OK
733,7.320000,39.099261,0.036718,12.404932,3.000000,0.064286,0.311851,-0.279409,0.514756,OK
734,7.330000,39.109406,0.036657,12.404124,3.000000,0.064283,0.312284,-0.279556,0.515123,OK
735,7.340000,39.119569,0.036596,12.403349,3.000000,0.064279,0.312718,-0.279702,0.515489,OK
736,7.350000,39.129748,0.036533,12.402607,3.000000,0.064276,0.313154,-0.279847,0.515854,OK
737,7.360000,39.139943,0.036470,12.401896,3.000000,0.064272,0.313591,-0.279992,0.516219,OK
738,7.370000,39.150152,0.036407,12.401217,3.000000,0.064269,0.314030,-0.280135,0.516583,OK
739,7.380000,39.160376,0.036342,12.400569,3.000000,0.064266,0.314470,-0.280278,0.516946,OK
740,7.390000,39.170612,0.036277,12.399952,3.000000,0.064262,0.314911,-0.280420,0.517309,OK
741,7.400000,39.180861,0.036210,12.399366,3.000000,0.064259,0.315354,-0.280562,0.517671,OK
742,7.410000,39.191120,0.036143,12.398811,3.000000,0.064256,0.315797,-0.280702,0.518033,OK
743,7.420000,39.201390,0.036076,12.398288,3.000000,0.064252,0.316242,-0.280842,0.518393,OK
744,7.430000,39.211669,0.036007,12.397795,3.000000,0.064249,0.316688,-0.280981,0.518753,OK
745,7.440000,39.221956,0.035937,12.397334,3.000000,0.064246,0.317136,-0.281118,0.519113,OK
746,7.450000,39.232251,0.035866,12.396903,3.000000,0.064243,0.317584,-0.281255,0.519471,OK
747,7.460000,39.242552,0.035793,12.396503,3.000000,0.064239,0.318034,-0.281391,0.519829,OK
748,7.470000,39.252859,0.035720,12.396133,3.000000,0.064236,0.318485,-0.281525,0.520186,OK
749,7.480000,39.263171,0.035646,12.395793,3.000000,0.064233,0.318936,-0.281659,0.520543,OK
750,7.490000,39.273487,0.035571,12.395483,3.000000,0.064230,0.319389,-0.281792,0.520899,OK
751,7.500000,39.283806,0.035495,12.395202,3.000000,0.064227,0.319842,-0.281924,0.521254,OK
752,7.510000,39.294127,0.035419,12.394950,3.000000,0.064224,0.320296,-0.282055,0.521608,OK
753,7.520000,39.304450,0.035341,12.394727,3.000000,0.064221,0.320751,-0.282185,0.521961,OK
754,7.530000,39.314774,0.035264,12.394531,3.000000,0.064218,0.321206,-0.282315,0.522314,OK
755,7.540000,39.325097,0.035185,12.394364,3.000000,0.064214,0.321662,-0.282444,0.522666,OK
756,7.550000,39.335420,0.035106,12.394225,3.000000,0.064211,0.322118,-0.282572,0.523017,OK
757,7.560000,39.345741,0.035026,12.394114,3.000000,0.064208,0.322575,-0.282699,0.523367,OK
758,7.570000,39.356059,0.034945,12.394031,3.000000,0.064205,0.323032,-0.282825,0.523716,OK
759,7.580000,39.366374,0.034864,12.393976,3.000000,0.064202,0.323489,-0.282951,0.524065,OK
760,7.590000,39.376685,0.034782,12.393948,3.000000,0.064200,0.323947,-0.283076,0.524413,OK
761,7.600000,39.386991,0.034700,12.393948,3.000000,0.064197,0.324405,-0.283200,0.524760,OK
762,7.610000,39.397291,0.034617,12.393975,3.000000,0.064194,0.324864,-0.283323,0.525106,OK
763,7.620000,39.407585,0.034532,12.394029,3.000000,0.064191,0.325322,-0.283445,0.525451,OK
764,7.630000,39.417872,0.034447,12.394111,3.000000,0.064188,0.325781,-0.283566,0.525796,OK
765,7.640000,39.428150,0.034361,12.394219,3.000000,0.064185,0.326241,-0.283686,0.526139,OK
766,7.650000,39.438421,0.034274,12.394353,3.000000,0.064182,0.326701,-0.283805,0.526482,OK
767,7.660000,39.448681,0.034185,12.394513,3.000000,0.064180,0.327161,-0.283923,0.526824,OK
768,7.670000,39.458932,0.034097,12.394699,3.000000,0.064177,0.327621,-0.284041,0.527165,OK
769,7.680000,39.469171,0.034007,12.394910,3.000000,0.064174,0.328081,-0.284157,0.527505,OK
770,7.690000,39.479399,0.033917,12.395147,3.000000,0.064171,0.328540,-0.284272,0.527844,OK
771,7.700000,39.489615,0.033826,12.395409,3.000000,0.064169,0.329000,-0.284387,0.528183,OK
772,7.710000,39.499818,0.033735,12.395696,3.000000,0.064166,0.329460,-0.284501,0.528520,OK
773,7.720000,39.510007,0.033643,12.396008,3.000000,0.064163,0.329919,-0.284614,0.528856,OK
774,7.730000,39.520181,0.033550,12.396345,3.000000,0.064161,0.330378,-0.284726,0.529192,OK
775,7.740000,39.530340,0.033457,12.396706,3.000000,0.064158,0.330837,-0.284838,0.529526,OK
776,7.750000,39.540484,0.033364,12.397093,3.000000,0.064155,0.331296,-0.284948,0.529860,OK
777,7.760000,39.550611,0.033270,12.397505,3.000000,0.064153,0.331754,-0.285058,0.530193,OK
778,7.770000,39.560721,0.033175,12.397941,3.000000,0.064150,0.332212,-0.285167,0.530524,OK
779,7.780000,39.570813,0.033080,12.398402,3.000000,0.064148,0.332669,-0.285276,0.530855,OK
780,7.790000,39.580887,0.032984,12.398887,3.000000,0.064145,0.333126,-0.285383,0.531185,OK
781,7.800000,39.590941,0.032888,12.399396,3.000000,0.064142,0.333582,-0.285490,0.531514,OK
782,7.810000,39.600976,0.032791,12.399928,3.000000,0.064140,0.334038,-0.285596,0.531842,OK
783,7.820000,39.610990,0.032693,12.400484,3.000000,0.064138,0.334493,-0.285700,0.532169,OK
784,7.830000,39.620983,0.032595,12.401064,3.000000,0.064135,0.334948,-0.285805,0.532495,OK
785,7.840000,39.630955,0.032496,12.401666,3.000000,0.064133,0.335402,-0.285908,0.532820,OK
786,7.850000,39.640904,0.032396,12.402291,3.000000,0.064130,0.335856,-0.286010,0.533144,OK
787,7.860000,39.650830,0.032295,12.402939,3.000000,0.064128,0.336310,-0.286111,0.533467,OK
788,7.870000,39.660733,0.032194,12.403610,3.000000,0.064125,0.336762,-0.286210,0.533789,OK
789,7.880000,39.670612,0.032091,12.404303,3.000000,0.064123,0.337215,-0.286309,0.534110,OK
790,7.890000,39.680465,0.031988,12.405019,3.000000,0.064121,0.337666,-0.286407,0.534429,OK
791,7.900000,39.690294,0.031884,12.405757,3.000000,0.064119,0.338117,-0.286504,0.534748,OK
792,7.910000,39.700096,0.031779,12.406517,3.000000,0.064116,0.338567,-0.286601,0.535066,OK
793,7.920000,39.709872,0.031675,12.407299,3.000000,0.064114,0.339017,-0.286696,0.535383,OK
794,7.930000,39.719620,0.031569,12.408103,3.000000,0.064112,0.339465,-0.286791,0.535698,OK
795,7.940000,39.729341,0.031463,12.408929,3.000000,0.064110,0.339912,-0.286885,0.536013,OK
796,7.950000,39.739034,0.031357,12.409776,3.000000,0.064107,0.340358,-0.286978,0.536327,OK
797,7.960000,39.748698,0.031251,12.410645,3.000000,0.064105,0.340804,-0.287070,0.536639,OK
798,7.970000,39.758332,0.031143,12.411535,3.000000,0.064103,0.341248,-0.287161,0.536951,OK
799,7.980000,39.767936,0.031036,12.412446,3.000000,0.064101,0.341691,-0.287252,0.537261,OK
800,7.990000,39.777510,0.030928,12.413378,3.000000,0.064099,0.342133,-0.287342,0.537570,OK
801,8.000000,39.787053,0.030820,12.414330,3.000000,0.064097,0.342574,-0.287431,0.537878,OK
802,8.010000,39.796564,0.030711,12.415304,3.000000,0.064095,0.343014,-0.287519,0.538186,OK
803,8.020000,39.806043,0.030601,12.416297,3.000000,0.064092,0.343452,-0.287607,0.538492,OK
804,8.030000,39.815490,0.030492,12.417311,3.000000,0.064090,0.343889,-0.287693,0.538796,OK
805,8.040000,39.824903,0.030381,12.418346,3.000000,0.064088,0.344326,-0.287779,0.539100,OK
806,8.050000,39.834282,0.030270,12.419401,3.000000,0.064086,0.344761,-0.287864,0.539403,OK
807,8.060000,39.843628,0.030159,12.420476,3.000000,0.064084,0.345194,-0.287948,0.539705,OK
808,8.070000,39.852938,0.030047,12.421570,3.000000,0.064082,0.345627,-0.288031,0.540005,OK
809,8.080000,39.862214,0.029935,12.422685,3.000000,0.064081,0.346058,-0.288113,0.540304,OK
810,8.090000,39.871453,0.029822,12.423820,3.000000,0.064079,0.346488,-0.288195,0.540603,OK
811,8.100000,39.880657,0.029709,12.424974,3.000000,0.064077,0.346916,-0.288275,0.540900,OK
812,8.110000,39.889824,0.029595,12.426146,3.000000,0.064075,0.347343,-0.288355,0.541196,OK
813,8.120000,39.898953,0.029480,12.427338,3.000000,0.064073,0.347770,-0.288433,0.541490,OK
814,8.130000,39.908046,0.029364,12.428548,3.000000,0.064071,0.348195,-0.288510,0.541784,OK
815,8.140000,39.917100,0.029247,12.429777,3.000000,0.064069,0.348618,-0.288587,0.542077,OK
816,8.150000,39.926115,0.029130,12.431024,3.000000,0.064068,0.349041,-0.288662,0.542368,OK
817,8.160000,39.935091,0.029012,12.432289,3.000000,0.064066,0.349462,-0.288736,0.542658,OK
818,8.170000,39.944028,0.028894,12.433572,3.000000,0.064064,0.349881,-0.288810,0.542947,OK
819,8.180000,39.952926,0.028775,12.434874,3.000000,0.064062,0.350299,-0.288882,0.543235,OK
820,8.190000,39.961782,0.028656,12.436193,3.000000,0.064061,0.350716,-0.288954,0.543521,OK
821,8.200000,39.970598,0.028537,12.437529,3.000000,0.064059,0.351130,-0.289025,0.543807,OK
822,8.210000,39.979373,0.028417,12.438883,3.000000,0.064057,0.351543,-0.289096,0.544091,OK
823,8.220000,39.988106,0.028297,12.440255,3.000000,0.064056,0.351955,-0.289165,0.544374,OK
824,8.230000,39.996797,0.028177,12.441644,3.000000,0.064054,0.352364,-0.289234,0.544656,OK
825,8.240000,40.005445,0.028056,12.443012,3.000000,0.064052,0.352772,-0.289302,0.544936,OK
826,8.250000,40.013973,0.027939,12.444079,3.000000,0.064051,0.353172,-0.289371,0.545215,OK
827,8.260000,40.022152,0.027838,12.444989,3.000000,0.064049,0.353543,-0.289450,0.545494,OK
828,8.270000,40.029760,0.027774,12.446054,3.000000,0.064047,0.353861,-0.289550,0.545772,OK
829,8.280000,40.036642,0.027768,12.447927,3.000000,0.064043,0.354104,-0.289685,0.546049,OK
830,8.290000,40.042706,0.027831,12.451465,3.000000,0.064039,0.354260,-0.289862,0.546328,OK
831,8.300000,40.047910,0.027960,12.457486,3.000000,0.064034,0.354328,-0.290080,0.546607,OK
832,8.310000,40.052247,0.028134,12.466589,3.000000,0.064028,0.354321,-0.290325,0.546889,OK
833,8.320000,40.055735,0.028319,12.479043,3.000000,0.064022,0.354260,-0.290577,0.547172,OK
834,8.330000,40.058407,0.028473,12.494749,3.000000,0.064017,0.354172,-0.290812,0.547456,OK
835,8.340000,40.060308,0.028557,12.513267,3.000000,0.064012,0.354083,-0.291005,0.547742,OK
836,8.350000,40.061488,0.028541,12.533902,3.000000,0.064009,0.354015,-0.291138,0.548027,OK
837,8.360000,40.062002,0.028408,12.555809,3.000000,0.064008,0.353981,-0.291200,0.548311,OK
838,8.370000,40.061904,0.028158,12.578122,3.000000,0.064008,0.353984,-0.291192,0.548593,OK
839,8.380000,40.061247,0.027805,12.600071,3.000000,0.064009,0.354021,-0.291119,0.548871,OK
840,8.390000,40.060084,0.027366,12.621066,3.000000,0.064012,0.354084,-0.290992,0.549145,OK
841,8.400000,40.058463,0.026861,12.640744,3.000000,0.064016,0.354164,-0.290823,0.549413,OK
842,8.410000,40.056431,0.026303,12.658996,3.000000,0.064021,0.354255,-0.290620,0.549676,OK
843,8.420000,40.054030,0.025698,12.675935,3.000000,0.064027,0.354358,-0.290385,0.549933,OK
844,8.430000,40.051299,0.025042,12.691850,3.000000,0.064033,0.354477,-0.290117,0.550184,OK
845,8.440000,40.048276,0.024328,12.707137,3.000000,0.064040,0.354618,-0.289810,0.550427,OK
846,8.450000,40.044995,0.023549,12.722210,3.000000,0.064049,0.354787,-0.289461,0.550663,OK
847,8.460000,40.041489,0.022705,12.737429,3.000000,0.064058,0.354987,-0.289068,0.550890,OK
848,8.470000,40.037788,0.021801,12.753024,3.000000,0.064068,0.355217,-0.288635,0.551108,OK
849,8.480000,40.033925,0.020854,12.769054,3.000000,0.064079,0.355469,-0.288171,0.551316,OK
850,8.490000,40.029931,0.019884,12.785385,3.000000,0.064091,0.355732,-0.287688,0.551515,OK
851,8.500000,40.025841,0.018916,12.801692,3.000000,0.064102,0.355994,-0.287201,0.551704,OK
852,8.510000,40.021682,0.017967,12.817507,3.000000,0.064113,0.356245,-0.286722,0.551884,OK
853,8.520000,40.017465,0.017053,12.832312,3.000000,0.064124,0.356476,-0.286259,0.552054,OK
854,8.530000,40.013192,0.016180,12.845637,3.000000,0.064135,0.356684,-0.285816,0.552216,OK
855,8.540000,40.008851,0.015351,12.857156,3.000000,0.064145,0.356866,-0.285396,0.552370,OK
856,8.550000,40.004423,0.014566,12.866769,3.000000,0.064154,0.357021,-0.284997,0.552515,OK
857,8.560000,39.999884,0.013823,12.874620,3.000000,0.064163,0.357147,-0.284621,0.552654,OK
858,8.570000,39.995205,0.013124,12.881087,3.000000,0.064171,0.357244,-0.284267,0.552785,OK
859,8.580000,39.990358,0.012473,12.886711,3.000000,0.064179,0.357305,-0.283939,0.552910,OK
860,8.590000,39.985313,0.011876,12.892109,3.000000,0.064186,0.357326,-0.283640,0.553028,OK
861,8.600000,39.980043,0.011338,12.897878,3.000000,0.064192,0.357302,-0.283374,0.553142,OK
862,8.610000,39.974522,0.010862,12.904487,3.000000,0.064198,0.357229,-0.283142,0.553250,OK
863,8.620000,39.968730,0.010447,12.912231,3.000000,0.064203,0.357107,-0.282946,0.553355,OK
864,8.630000,39.962648,0.010085,12.921181,3.000000,0.064207,0.356939,-0.282779,0.553456,OK
865,8.640000,39.956263,0.009764,12.931207,3.000000,0.064210,0.356731,-0.282635,0.553553,OK
866,8.650000,39.949567,0.009469,12.942021,3.000000,0.064213,0.356491,-0.282506,0.553648,OK
867,8.660000,39.942556,0.009187,12.953240,3.000000,0.064216,0.356227,-0.282382,0.553740,OK
868,8.670000,39.935226,0.008908,12.964471,3.000000,0.064219,0.355946,-0.282259,0.553829,OK
869,8.680000,39.927580,0.008625,12.975380,3.000000,0.064222,0.355651,-0.282133,0.553915,OK
870,8.690000,39.919620,0.008340,12.985746,3.000000,0.064225,0.355341,-0.282003,0.553999,OK
871,8.700000,39.911351,0.008054,12.995487,3.000000,0.064228,0.355016,-0.281872,0.554079,OK
872,8.710000,39.902777,0.007772,13.004660,3.000000,0.064231,0.354672,-0.281742,0.554157,OK
873,8.720000,39.893904,0.007497,13.013437,3.000000,0.064234,0.354309,-0.281614,0.554232,OK
874,8.730000,39.884738,0.007228,13.022061,3.000000,0.064237,0.353928,-0.281489,0.554304,OK
875,8.740000,39.875284,0.006960,13.030800,3.000000,0.064240,0.353531,-0.281363,0.554374,OK
876,8.750000,39.865548,0.006684,13.039893,3.000000,0.064243,0.353125,-0.281231,0.554441,OK
877,8.760000,39.855538,0.006392,13.049516,3.000000,0.064247,0.352714,-0.281087,0.554504,OK
878,8.770000,39.845259,0.006075,13.059751,3.000000,0.064250,0.352305,-0.280928,0.554565,OK
879,8.780000,39.834717,0.005729,13.070573,3.000000,0.064255,0.351900,-0.280748,0.554623,OK
880,8.790000,39.823921,0.005352,13.081856,3.000000,0.064259,0.351501,-0.280549,0.554676,OK
881,8.800000,39.812879,0.004950,13.093411,3.000000,0.064264,0.351105,-0.280333,0.554726,OK
882,8.810000,39.801600,0.004532,13.105003,3.000000,0.064270,0.350707,-0.280105,0.554771,OK
883,8.820000,39.790093,0.004107,13.116388,3.000000,0.064275,0.350304,-0.279870,0.554812,OK
884,8.830000,39.778370,0.003681,13.127347,3.000000,0.064281,0.349890,-0.279633,0.554849,OK
885,8.840000,39.766442,0.003260,13.137716,3.000000,0.064286,0.349463,-0.279397,0.554881,OK
886,8.850000,39.754322,0.002845,13.147408,3.000000,0.064292,0.349025,-0.279162,0.554910,OK
887,8.860000,39.742022,0.002433,13.156422,3.000000,0.064298,0.348576,-0.278927,0.554934,OK
888,8.870000,39.729554,0.002021,13.164836,3.000000,0.064303,0.348119,-0.278690,0.554954,OK
889,8.880000,39.716928,0.001606,13.172789,3.000000,0.064309,0.347657,-0.278449,0.554970,OK
890,8.890000,39.704154,0.001187,13.180453,3.000000,0.064315,0.347191,-0.278203,0.554982,OK
891,8.900000,39.691243,0.000766,13.187997,3.000000,0.064321,0.346720,-0.277955,0.554990,OK
892,8.910000,39.678200,0.000347,13.195557,3.000000,0.064326,0.346242,-0.277705,0.554993,OK
893,8.920000,39.665035,-0.000064,13.203212,3.000000,0.064332,0.345755,-0.277458,0.554993,OK
894,8.930000,39.651754,-0.000461,13.210963,3.000000,0.064338,0.345254,-0.277218,0.554988,OK
895,8.940000,39.638365,-0.000840,13.218744,3.000000,0.064343,0.344738,-0.276986,0.554980,OK
896,8.950000,39.624875,-0.001201,13.226429,3.000000,0.064349,0.344207,-0.276763,0.554968,OK
897,8.960000,39.611294,-0.001543,13.233860,3.000000,0.064354,0.343660,-0.276551,0.554952,OK
898,8.970000,39.597631,-0.001869,13.240875,3.000000,0.064359,0.343100,-0.276346,0.554934,OK
899,8.980000,39.583894,-0.002181,13.247341,3.000000,0.064363,0.342530,-0.276147,0.554912,OK
900,8.990000,39.570094,-0.002483,13.253177,3.000000,0.064368,0.341951,-0.275953,0.554887,OK
901,9.000000,39.556240,-0.002774,13.258363,3.000000,0.064372,0.341363,-0.275765,0.554859,OK
902,9.010000,39.542340,-0.003054,13.262938,3.000000,0.064377,0.340766,-0.275582,0.554829,OK
903,9.020000,39.528404,-0.003317,13.266995,3.000000,0.064381,0.340159,-0.275407,0.554796,OK
904,9.030000,39.514437,-0.003563,13.270653,3.000000,0.064385,0.339540,-0.275242,0.554760,OK
905,9.040000,39.500448,-0.003787,13.274039,3.000000,0.064388,0.338907,-0.275089,0.554722,OK
906,9.050000,39.486442,-0.003988,13.277258,3.000000,0.064392,0.338261,-0.274948,0.554682,OK
907,9.060000,39.472424,-0.004168,13.280386,3.000000,0.064395,0.337601,-0.274820,0.554640,OK
908,9.070000,39.458401,-0.004329,13.283453,3.000000,0.064397,0.336930,-0.274701,0.554597,OK
909,9.080000,39.444377,-0.004475,13.286447,3.000000,0.064400,0.336250,-0.274591,0.554552,OK
910,9.090000,39.430359,-0.004609,13.289320,3.000000,0.064402,0.335564,-0.274488,0.554506,OK
911,9.100000,39.416351,-0.004734,13.292002,3.000000,0.064405,0.334873,-0.274389,0.554459,OK
912,9.110000,39.402359,-0.004850,13.294417,3.000000,0.064407,0.334177,-0.274296,0.554410,OK
913,9.120000,39.388390,-0.004955,13.296495,3.000000,0.064409,0.333476,-0.274208,0.554361,OK
914,9.130000,39.374447,-0.005046,13.298183,3.000000,0.064411,0.332769,-0.274127,0.554310,OK
915,9.140000,39.360538,-0.005122,13.299458,3.000000,0.064413,0.332054,-0.274056,0.554259,OK
916,9.150000,39.346667,-0.005179,13.300322,3.000000,0.064414,0.331330,-0.273996,0.554207,OK
917,9.160000,39.332840,-0.005219,13.300803,3.000000,0.064415,0.330598,-0.273947,0.554155,OK
918,9.170000,39.319062,-0.005240,13.300951,3.000000,0.064416,0.329857,-0.273907,0.554103,OK
919,9.180000,39.305338,-0.005248,13.300828,3.000000,0.064417,0.329110,-0.273876,0.554050,OK
920,9.190000,39.291672,-0.005245,13.300501,3.000000,0.064417,0.328360,-0.273852,0.553998,OK
921,9.200000,39.278068,-0.005233,13.300029,3.000000,0.064418,0.327608,-0.273833,0.553946,OK
922,9.210000,39.264529,-0.005216,13.299461,3.000000,0.064418,0.326856,-0.273817,0.553893,OK
923,9.220000,39.251058,-0.005194,13.298824,3.000000,0.064419,0.326103,-0.273805,0.553842,OK
924,9.230000,39.237659,-0.005165,13.298119,3.000000,0.064419,0.325351,-0.273796,0.553790,OK
925,9.240000,39.224334,-0.005129,13.297331,3.000000,0.064419,0.324597,-0.273792,0.553739,OK
926,9.250000,39.211087,-0.005083,13.296426,3.000000,0.064419,0.323842,-0.273794,0.553688,OK
927,9.260000,39.197919,-0.005025,13.295363,3.000000,0.064419,0.323083,-0.273804,0.553637,OK
928,9.270000,39.184834,-0.004955,13.294095,3.000000,0.064418,0.322321,-0.273821,0.553588,OK
929,9.280000,39.171836,-0.004874,13.292585,3.000000,0.064418,0.321556,-0.273845,0.553539,OK
930,9.290000,39.158929,-0.004783,13.290810,3.000000,0.064417,0.320790,-0.273876,0.553491,OK
931,9.300000,39.146114,-0.004686,13.288765,3.000000,0.064416,0.320024,-0.273911,0.553445,OK
932,9.310000,39.133397,-0.004584,13.286471,3.000000,0.064415,0.319260,-0.273949,0.553399,OK
933,9.320000,39.120778,-0.004477,13.283962,3.000000,0.064414,0.318498,-0.273991,0.553354,OK
934,9.330000,39.108261,-0.004367,13.281290,3.000000,0.064413,0.317739,-0.274035,0.553310,OK
935,9.340000,39.095847,-0.004253,13.278506,3.000000,0.064412,0.316982,-0.274082,0.553268,OK
936,9.350000,39.083539,-0.004132,13.275659,3.000000,0.064411,0.316227,-0.274134,0.553226,OK
937,9.360000,39.071338,-0.004004,13.272780,3.000000,0.064409,0.315472,-0.274191,0.553186,OK
938,9.370000,39.059245,-0.003868,13.269887,3.000000,0.064408,0.314718,-0.274253,0.553148,OK
939,9.380000,39.047261,-0.003724,13.266975,3.000000,0.064406,0.313964,-0.274321,0.553110,OK
940,9.390000,39.035389,-0.003573,13.264025,3.000000,0.064405,0.313211,-0.274393,0.553075,OK
941,9.400000,39.023630,-0.003417,13.261009,3.000000,0.064403,0.312460,-0.274470,0.553041,OK
942,9.410000,39.011985,-0.003258,13.257894,3.000000,0.064401,0.311713,-0.274549,0.553008,OK
943,9.420000,39.000456,-0.003097,13.254653,3.000000,0.064399,0.310970,-0.274630,0.552977,OK
944,9.430000,38.989045,-0.002934,13.251270,3.000000,0.064397,0.310232,-0.274713,0.552948,OK
945,9.440000,38.977754,-0.002770,13.247741,3.000000,0.064395,0.309499,-0.274798,0.552920,OK
946,9.450000,38.966583,-0.002603,13.244074,3.000000,0.064393,0.308770,-0.274885,0.552894,OK
947,9.460000,38.955534,-0.002432,13.240291,3.000000,0.064391,0.308044,-0.274976,0.552870,OK
948,9.470000,38.944608,-0.002256,13.236416,3.000000,0.064389,0.307322,-0.275070,0.552847,OK
949,9.480000,38.933806,-0.002076,13.232479,3.000000,0.064386,0.306603,-0.275168,0.552826,OK
950,9.490000,38.923129,-0.001891,13.228504,3.000000,0.064384,0.305887,-0.275269,0.552807,OK
951,9.500000,38.912577,-0.001704,13.224512,3.000000,0.064382,0.305175,-0.275373,0.552790,OK
952,9.510000,38.902150,-0.001514,13.220515,3.000000,0.064379,0.304468,-0.275479,0.552775,OK
953,9.520000,38.891851,-0.001325,13.216517,3.000000,0.064377,0.303767,-0.275586,0.552762,OK
954,9.530000,38.881678,-0.001136,13.212515,3.000000,0.064374,0.303073,-0.275694,0.552751,OK
955,9.540000,38.871632,-0.000948,13.208503,3.000000,0.064371,0.302385,-0.275802,0.552741,OK
956,9.550000,38.861714,-0.000760,13.204468,3.000000,0.064369,0.301704,-0.275911,0.552733,OK
957,9.560000,38.851924,-0.000572,13.200400,3.000000,0.064366,0.301028,-0.276021,0.552728,OK
958,9.570000,38.842263,-0.000382,13.196286,3.000000,0.064364,0.300358,-0.276133,0.552724,OK
959,9.580000,38.832730,-0.000189,13.192119,3.000000,0.064361,0.299693,-0.276248,0.552722,OK
960,9.590000,38.823326,0.000006,13.187895,3.000000,0.064358,0.299032,-0.276365,0.552722,OK
961,9.600000,38.814052,0.000203,13.183615,3.000000,0.064355,0.298377,-0.276484,0.552724,OK
962,9.610000,38.804908,0.000401,13.179285,3.000000,0.064352,0.297727,-0.276604,0.552728,OK
963,9.620000,38.795893,0.000598,13.174916,3.000000,0.064350,0.297084,-0.276726,0.552734,OK
964,9.630000,38.787008,0.000795,13.170523,3.000000,0.064347,0.296447,-0.276848,0.552742,OK
965,9.640000,38.778253,0.000989,13.166122,3.000000,0.064344,0.295818,-0.276970,0.552752,OK
966,9.650000,38.769627,0.001182,13.161729,3.000000,0.064341,0.295197,-0.277091,0.552764,OK
967,9.660000,38.761130,0.001373,13.157356,3.000000,0.064338,0.294583,-0.277213,0.552778,OK
968,9.670000,38.752762,0.001564,13.153012,3.000000,0.064335,0.293976,-0.277335,0.552793,OK
969,9.680000,38.744522,0.001754,13.148696,3.000000,0.064332,0.293375,-0.277458,0.552811,OK
970,9.690000,38.736409,0.001945,13.144405,3.000000,0.064329,0.292779,-0.277582,0.552830,OK
971,9.700000,38.728424,0.002137,13.140129,3.000000,0.064326,0.292190,-0.277708,0.552852,OK
972,9.710000,38.720566,0.002330,13.135856,3.000000,0.064323,0.291607,-0.277835,0.552875,OK
973,9.720000,38.712834,0.002521,13.131577,3.000000,0.064320,0.291030,-0.277962,0.552900,OK
974,9.730000,38.705228,0.002710,13.127283,3.000000,0.064317,0.290461,-0.278090,0.552927,OK
975,9.740000,38.697747,0.002898,13.122970,3.000000,0.064314,0.289900,-0.278217,0.552956,OK
976,9.750000,38.690391,0.003083,13.118643,3.000000,0.064311,0.289345,-0.278343,0.552987,OK
977,9.760000,38.683158,0.003265,13.114309,3.000000,0.064308,0.288799,-0.278469,0.553020,OK
978,9.770000,38.676050,0.003446,13.109980,3.000000,0.064305,0.288260,-0.278595,0.553054,OK
979,9.780000,38.669063,0.003625,13.105669,3.000000,0.064302,0.287727,-0.278720,0.553090,OK
980,9.790000,38.662197,0.003804,13.101389,3.000000,0.064299,0.287201,-0.278847,0.553128,OK
981,9.800000,38.655451,0.003983,13.097147,3.000000,0.064296,0.286682,-0.278974,0.553168,OK
982,9.810000,38.648825,0.004161,13.092950,3.000000,0.064293,0.286168,-0.279102,0.553210,OK
983,9.820000,38.642315,0.004339,13.088798,3.000000,0.064290,0.285661,-0.279230,0.553253,OK
984,9.830000,38.635922,0.004515,13.084690,3.000000,0.064287,0.285160,-0.279358,0.553298,OK
985,9.840000,38.629645,0.004689,13.080619,3.000000,0.064284,0.284666,-0.279486,0.553345,OK
986,9.850000,38.623481,0.004860,13.076582,3.000000,0.064281,0.284179,-0.279613,0.553394,OK
987,9.860000,38.617429,0.005029,13.072574,3.000000,0.064278,0.283700,-0.279739,0.553444,OK
988,9.870000,38.611488,0.005195,13.068593,3.000000,0.064275,0.283228,-0.279865,0.553496,OK
989,9.880000,38.605656,0.005360,13.064638,3.000000,0.064272,0.282762,-0.279991,0.553550,OK
990,9.890000,38.599932,0.005523,13.060712,3.000000,0.064269,0.282302,-0.280116,0.553605,OK
991,9.900000,38.594313,0.005685,13.056819,3.000000,0.064267,0.281849,-0.280242,0.553662,OK
992,9.910000,38.588799,0.005845,13.052963,3.000000,0.064264,0.281401,-0.280367,0.553720,OK
993,9.920000,38.583386,0.006004,13.049152,3.000000,0.064261,0.280960,-0.280492,0.553780,OK
994,9.930000,38.578072,0.006160,13.045390,3.000000,0.064258,0.280525,-0.280617,0.553842,OK
995,9.940000,38.572857,0.006315,13.041684,3.000000,0.064255,0.280096,-0.280741,0.553905,OK
996,9.950000,38.567736,0.006466,13.038039,3.000000,0.064252,0.279674,-0.280864,0.553970,OK
997,9.960000,38.562707,0.006614,13.034460,3.000000,0.064249,0.279258,-0.280986,0.554036,OK
998,9.970000,38.557769,0.006759,13.030952,3.000000,0.064246,0.278848,-0.281107,0.554103,OK
999,9.980000,38.552917,0.006901,13.027517,3.000000,0.064243,0.278445,-0.281227,0.554172,OK
1000,9.990000,38.548149,0.007041,13.024157,3.000000,0.064240,0.278047,-0.281346,0.554243,OK
1001,10.000000,38.543461,0.007179,13.020874,3.000000,0.064238,0.277654,-0.281465,0.554315,OK
